Path,SourceCommit
games/anatomy,no_hash_commit
games,no_hash_commit
games/introduction,no_hash_commit
games/introduction_to_html5_game_development,no_hash_commit
games/publishing_games,no_hash_commit
games/techniques/2d_collision_detection,no_hash_commit
games/techniques/3d_on_the_web,no_hash_commit
games/tools/asm.js,no_hash_commit
games/tools,no_hash_commit
glossary/abstraction,no_hash_commit
glossary/accent,no_hash_commit
glossary/accessibility,no_hash_commit
glossary/accessibility_tree,no_hash_commit
glossary/adobe_flash,no_hash_commit
glossary/advance_measure,no_hash_commit
glossary/ajax,no_hash_commit
glossary/algorithm,no_hash_commit
glossary/alignment_container,no_hash_commit
glossary/alignment_subject,no_hash_commit
glossary/alpha,no_hash_commit
glossary/api,no_hash_commit
glossary/apple_safari,no_hash_commit
glossary/application_context,no_hash_commit
glossary/argument,no_hash_commit
glossary/aria,no_hash_commit
glossary/arpa,no_hash_commit
glossary/arpanet,no_hash_commit
glossary/array,no_hash_commit
glossary/ascii,no_hash_commit
glossary/asynchronous,no_hash_commit
glossary/atag,no_hash_commit
glossary/attribute,no_hash_commit
glossary/bandwidth,no_hash_commit
glossary/base64,no_hash_commit
glossary/bigint,no_hash_commit
glossary/block-level_content,no_hash_commit
glossary/block/css,no_hash_commit
glossary/boolean,no_hash_commit
glossary/browser,no_hash_commit
glossary/cache,no_hash_commit
glossary/call_stack,no_hash_commit
glossary/callback_function,no_hash_commit
glossary/caret,no_hash_commit
glossary/cdn,no_hash_commit
glossary/character,no_hash_commit
glossary/character_encoding,no_hash_commit
glossary/chrome,no_hash_commit
glossary/class,no_hash_commit
glossary/cms,no_hash_commit
glossary/computer_programming,no_hash_commit
glossary/cors,no_hash_commit
glossary/crud,no_hash_commit
glossary/css,no_hash_commit
glossary/css_pixel,no_hash_commit
glossary/css_preprocessor,no_hash_commit
glossary/css_selector,no_hash_commit
glossary/cssom,no_hash_commit
glossary/doctype,no_hash_commit
glossary/dom,no_hash_commit
glossary/domain,no_hash_commit
glossary/domain_name,no_hash_commit
glossary/ecma,no_hash_commit
glossary/element,no_hash_commit
glossary/endianness,no_hash_commit
glossary/entity_header,no_hash_commit
glossary/falsy,no_hash_commit
glossary/first-class_function,no_hash_commit
glossary/flex,no_hash_commit
glossary/flexbox,no_hash_commit
glossary/forbidden_request_header,no_hash_commit
glossary/forbidden_response_header_name,no_hash_commit
glossary/function,no_hash_commit
glossary/fuzzing,no_hash_commit
glossary/gecko,no_hash_commit
glossary/general_header,no_hash_commit
glossary/global_object,no_hash_commit
glossary/graceful_degradation,no_hash_commit
glossary/grid,no_hash_commit
glossary/grid_areas,no_hash_commit
glossary/hoisting,no_hash_commit
glossary/hsts,no_hash_commit
glossary/html,no_hash_commit
glossary/http,no_hash_commit
glossary/http_2,no_hash_commit
glossary/http_header,no_hash_commit
glossary/https,no_hash_commit
glossary/idempotent,no_hash_commit
glossary/identifier,no_hash_commit
glossary/iife,no_hash_commit
glossary,no_hash_commit
glossary/indexeddb,no_hash_commit
glossary/inline-level_content,no_hash_commit
glossary/internet,no_hash_commit
glossary/ip_address,no_hash_commit
glossary/ipv4,no_hash_commit
glossary/ipv6,no_hash_commit
glossary/irc,no_hash_commit
glossary/iso,no_hash_commit
glossary/jank,no_hash_commit
glossary/javascript,no_hash_commit
glossary/jpeg,no_hash_commit
glossary/json,no_hash_commit
glossary/key,no_hash_commit
glossary/keyword,no_hash_commit
glossary/localization,no_hash_commit
glossary/markup,no_hash_commit
glossary/metadata,no_hash_commit
glossary/mozilla_firefox,no_hash_commit
glossary/mutable,no_hash_commit
glossary/node.js,no_hash_commit
glossary/null,no_hash_commit
glossary/number,no_hash_commit
glossary/object,no_hash_commit
glossary/oop,no_hash_commit
glossary/opengl,no_hash_commit
glossary/opera_browser,no_hash_commit
glossary/operator,no_hash_commit
glossary/origin,no_hash_commit
glossary/ota,no_hash_commit
glossary/php,no_hash_commit
glossary/pixel,no_hash_commit
glossary/polyfill,no_hash_commit
glossary/port,no_hash_commit
glossary/preflight_request,no_hash_commit
glossary/primitive,no_hash_commit
glossary/progressive_web_apps,no_hash_commit
glossary/property/css,no_hash_commit
glossary/property,no_hash_commit
glossary/property/javascript,no_hash_commit
glossary/protocol,no_hash_commit
glossary/prototype,no_hash_commit
glossary/proxy_server,no_hash_commit
glossary/pseudo-class,no_hash_commit
glossary/pseudo-element,no_hash_commit
glossary/python,no_hash_commit
glossary/recursion,no_hash_commit
glossary/reflow,no_hash_commit
glossary/regular_expression,no_hash_commit
glossary/request_header,no_hash_commit
glossary/responsive_web_design,no_hash_commit
glossary/rest,no_hash_commit
glossary/ruby,no_hash_commit
glossary/safe,no_hash_commit
glossary/scope,no_hash_commit
glossary/sdp,no_hash_commit
glossary/semantics,no_hash_commit
glossary/seo,no_hash_commit
glossary/server,no_hash_commit
glossary/sgml,no_hash_commit
glossary/sloppy_mode,no_hash_commit
glossary/ssl,no_hash_commit
glossary/stacking_context,no_hash_commit
glossary/statement,no_hash_commit
glossary/string,no_hash_commit
glossary/svg,no_hash_commit
glossary/synchronous,no_hash_commit
glossary/tag,no_hash_commit
glossary/tcp,no_hash_commit
glossary/three_js,no_hash_commit
glossary/tls,no_hash_commit
glossary/truthy,no_hash_commit
glossary/type_conversion,no_hash_commit
glossary/undefined,no_hash_commit
glossary/uri,no_hash_commit
glossary/url,no_hash_commit
glossary/utf-8,no_hash_commit
glossary/ux,no_hash_commit
glossary/value,no_hash_commit
glossary/variable,no_hash_commit
glossary/vendor_prefix,no_hash_commit
glossary/viewport,no_hash_commit
glossary/w3c,no_hash_commit
glossary/webp,no_hash_commit
glossary/webrtc,no_hash_commit
glossary/websockets,no_hash_commit
glossary/whatwg,no_hash_commit
glossary/wrapper,no_hash_commit
glossary/xhtml,no_hash_commit
glossary/xml,no_hash_commit
glossary/xmlhttprequest,no_hash_commit
glossary/xslt,no_hash_commit
learn_web_development/core/accessibility/accessibility_troubleshooting,no_hash_commit
learn_web_development/core/accessibility/html,no_hash_commit
learn_web_development/core/accessibility,no_hash_commit
learn_web_development/core/css_layout/flexbox,no_hash_commit
learn_web_development/core/css_layout,no_hash_commit
learn_web_development/core/css_layout/introduction,no_hash_commit
learn_web_development/core/css_layout/multiple-column_layout,no_hash_commit
learn_web_development/core/css_layout/responsive_design,no_hash_commit
learn_web_development/core/frameworks_libraries,no_hash_commit
learn_web_development/core/frameworks_libraries/react_getting_started,no_hash_commit
learn_web_development/core/frameworks_libraries/vue_getting_started,no_hash_commit
learn_web_development/core/scripting/a_first_splash,no_hash_commit
learn_web_development/core/scripting/arrays,no_hash_commit
learn_web_development/core/scripting/build_your_own_function,no_hash_commit
learn_web_development/core/scripting/conditionals,no_hash_commit
learn_web_development/core/scripting/dom_scripting,no_hash_commit
learn_web_development/core/scripting/event_bubbling,no_hash_commit
learn_web_development/core/scripting/events,no_hash_commit
learn_web_development/core/scripting/functions,no_hash_commit
learn_web_development/core/scripting/image_gallery,no_hash_commit
learn_web_development/core/scripting,no_hash_commit
learn_web_development/core/scripting/json,no_hash_commit
learn_web_development/core/scripting/loops,no_hash_commit
learn_web_development/core/scripting/math,no_hash_commit
learn_web_development/core/scripting/network_requests,no_hash_commit
learn_web_development/core/scripting/object_basics,no_hash_commit
learn_web_development/core/scripting/return_values,no_hash_commit
learn_web_development/core/scripting/silly_story_generator,no_hash_commit
learn_web_development/core/scripting/strings,no_hash_commit
learn_web_development/core/scripting/test_your_skills_colon__variables,no_hash_commit
learn_web_development/core/scripting/useful_string_methods,no_hash_commit
learn_web_development/core/scripting/variables,no_hash_commit
learn_web_development/core/scripting/what_is_javascript,no_hash_commit
learn_web_development/core/scripting/what_went_wrong,no_hash_commit
learn_web_development/core/structuring_content/advanced_text_features,no_hash_commit
learn_web_development/core/structuring_content/basic_html_syntax,no_hash_commit
learn_web_development/core/structuring_content/creating_links,no_hash_commit
learn_web_development/core/structuring_content/debugging_html,no_hash_commit
learn_web_development/core/structuring_content/general_embedding_technologies,no_hash_commit
learn_web_development/core/structuring_content/headings_and_paragraphs,no_hash_commit
learn_web_development/core/structuring_content/html_images,no_hash_commit
learn_web_development/core/structuring_content/html_table_basics,no_hash_commit
learn_web_development/core/structuring_content/html_video_and_audio,no_hash_commit
learn_web_development/core/structuring_content/including_vector_graphics_in_html,no_hash_commit
learn_web_development/core/structuring_content,no_hash_commit
learn_web_development/core/structuring_content/structuring_documents,no_hash_commit
learn_web_development/core/structuring_content/test_your_skills_colon__html_text_basics,no_hash_commit
learn_web_development/core/structuring_content/webpage_metadata,no_hash_commit
learn_web_development/core/styling_basics/attribute_selectors,no_hash_commit
learn_web_development/core/styling_basics/basic_selectors,no_hash_commit
learn_web_development/core/styling_basics/box_model,no_hash_commit
learn_web_development/core/styling_basics/getting_started,no_hash_commit
learn_web_development/core/styling_basics/handling_conflicts,no_hash_commit
learn_web_development/core/styling_basics,no_hash_commit
learn_web_development/core/styling_basics/styling_a_bio_page,no_hash_commit
learn_web_development/core/styling_basics/what_is_css,no_hash_commit
learn_web_development/core/text_styling,no_hash_commit
learn_web_development/core/text_styling/styling_lists,no_hash_commit
learn_web_development/extensions/advanced_javascript_objects/adding_bouncing_balls_features,no_hash_commit
learn_web_development/extensions/advanced_javascript_objects/classes_in_javascript,no_hash_commit
learn_web_development/extensions/advanced_javascript_objects,no_hash_commit
learn_web_development/extensions/advanced_javascript_objects/object_building_practice,no_hash_commit
learn_web_development/extensions/advanced_javascript_objects/object_prototypes,no_hash_commit
learn_web_development/extensions/async_js,no_hash_commit
learn_web_development/extensions/async_js/introducing,no_hash_commit
learn_web_development/extensions/async_js/promises,no_hash_commit
learn_web_development/extensions/client-side_apis/client-side_storage,no_hash_commit
learn_web_development/extensions/client-side_apis,no_hash_commit
learn_web_development/extensions/client-side_apis/introduction,no_hash_commit
learn_web_development/extensions/forms/form_validation,no_hash_commit
learn_web_development/extensions/forms/how_to_structure_a_web_form,no_hash_commit
learn_web_development/extensions/forms,no_hash_commit
learn_web_development/extensions/forms/sending_and_retrieving_form_data,no_hash_commit
learn_web_development/extensions/forms/your_first_form,no_hash_commit
learn_web_development/extensions/server-side/django/admin_site,no_hash_commit
learn_web_development/extensions/server-side/django/authentication,no_hash_commit
learn_web_development/extensions/server-side/django/deployment,no_hash_commit
learn_web_development/extensions/server-side/django/development_environment,no_hash_commit
learn_web_development/extensions/server-side/django/forms,no_hash_commit
learn_web_development/extensions/server-side/django/generic_views,no_hash_commit
learn_web_development/extensions/server-side/django/home_page,no_hash_commit
learn_web_development/extensions/server-side/django,no_hash_commit
learn_web_development/extensions/server-side/django/introduction,no_hash_commit
learn_web_development/extensions/server-side/django/models,no_hash_commit
learn_web_development/extensions/server-side/django/sessions,no_hash_commit
learn_web_development/extensions/server-side/django/skeleton_website,no_hash_commit
learn_web_development/extensions/server-side/django/testing,no_hash_commit
learn_web_development/extensions/server-side/django/tutorial_local_library_website,no_hash_commit
learn_web_development/extensions/server-side/django/web_application_security,no_hash_commit
learn_web_development/extensions/server-side/express_nodejs/development_environment,no_hash_commit
learn_web_development/extensions/server-side/express_nodejs,no_hash_commit
learn_web_development/extensions/server-side/express_nodejs/introduction,no_hash_commit
learn_web_development/extensions/server-side/express_nodejs/mongoose,no_hash_commit
learn_web_development/extensions/server-side/express_nodejs/skeleton_website,no_hash_commit
learn_web_development/extensions/server-side/express_nodejs/tutorial_local_library_website,no_hash_commit
learn_web_development/extensions/server-side/first_steps/client-server_overview,no_hash_commit
learn_web_development/extensions/server-side/first_steps,no_hash_commit
learn_web_development/extensions/server-side/first_steps/introduction,no_hash_commit
learn_web_development/extensions/server-side/first_steps/website_security,no_hash_commit
learn_web_development/extensions/server-side,no_hash_commit
learn_web_development/extensions/testing,no_hash_commit
learn_web_development/getting_started/environment_setup/browsing_the_web,no_hash_commit
learn_web_development/getting_started/environment_setup/dealing_with_files,no_hash_commit
learn_web_development/getting_started/environment_setup/installing_software,no_hash_commit
learn_web_development/getting_started/web_standards/how_the_web_works,no_hash_commit
learn_web_development/getting_started/web_standards/the_web_standards_model,no_hash_commit
learn_web_development/getting_started/your_first_website/adding_interactivity,no_hash_commit
learn_web_development/getting_started/your_first_website/creating_the_content,no_hash_commit
learn_web_development/getting_started/your_first_website,no_hash_commit
learn_web_development/getting_started/your_first_website/publishing_your_website,no_hash_commit
learn_web_development/getting_started/your_first_website/styling_the_content,no_hash_commit
learn_web_development/getting_started/your_first_website/what_will_your_website_look_like,no_hash_commit
learn_web_development/howto/design_and_accessibility/thinking_before_coding,no_hash_commit
learn_web_development/howto,no_hash_commit
learn_web_development/howto/solve_css_problems/css_faq,no_hash_commit
learn_web_development/howto/solve_html_problems/author_fast-loading_html_pages,no_hash_commit
learn_web_development/howto/solve_html_problems,no_hash_commit
learn_web_development/howto/solve_html_problems/use_data_attributes,no_hash_commit
learn_web_development/howto/solve_javascript_problems,no_hash_commit
learn_web_development/howto/tools_and_setup/how_do_you_host_your_website_on_google_app_engine,no_hash_commit
learn_web_development/howto/tools_and_setup/set_up_a_local_testing_server,no_hash_commit
learn_web_development/howto/tools_and_setup/upload_files_to_a_web_server,no_hash_commit
learn_web_development/howto/tools_and_setup/what_are_browser_developer_tools,no_hash_commit
learn_web_development/howto/tools_and_setup/what_software_do_i_need,no_hash_commit
learn_web_development/howto/web_mechanics/how_does_the_internet_work,no_hash_commit
learn_web_development/howto/web_mechanics/what_are_hyperlinks,no_hash_commit
learn_web_development/howto/web_mechanics/what_is_a_domain_name,no_hash_commit
learn_web_development/howto/web_mechanics/what_is_a_web_server,no_hash_commit
learn_web_development,no_hash_commit
mdn/community/getting_started,no_hash_commit
mdn/community,no_hash_commit
mdn/community/open_source_etiquette,no_hash_commit
mdn/guides,no_hash_commit
mdn,no_hash_commit
mdn/tutorials,no_hash_commit
mdn/writing_guidelines/howto/creating_moving_deleting,no_hash_commit
mdn/writing_guidelines/howto/images_media,no_hash_commit
mdn/writing_guidelines/howto,no_hash_commit
mdn/writing_guidelines/howto/markdown_in_mdn,no_hash_commit
mdn/writing_guidelines/howto/write_a_new_entry_in_the_glossary,no_hash_commit
mdn/writing_guidelines,no_hash_commit
mdn/writing_guidelines/page_structures,no_hash_commit
mdn/writing_guidelines/page_structures/live_samples,no_hash_commit
mozilla/add-ons,no_hash_commit
mozilla/add-ons/webextensions/anatomy_of_a_webextension,no_hash_commit
mozilla/add-ons/webextensions/api/alarms,no_hash_commit
mozilla/add-ons/webextensions/api/bookmarks,no_hash_commit
mozilla/add-ons/webextensions/api/browseraction,no_hash_commit
mozilla/add-ons/webextensions/api/browsersettings,no_hash_commit
mozilla/add-ons/webextensions/api/browsingdata,no_hash_commit
mozilla/add-ons/webextensions/api/browsingdata/remove,no_hash_commit
mozilla/add-ons/webextensions/api/browsingdata/removecache,no_hash_commit
mozilla/add-ons/webextensions/api/browsingdata/removecookies,no_hash_commit
mozilla/add-ons/webextensions/api/browsingdata/removedownloads,no_hash_commit
mozilla/add-ons/webextensions/api/browsingdata/removeformdata,no_hash_commit
mozilla/add-ons/webextensions/api/browsingdata/removehistory,no_hash_commit
mozilla/add-ons/webextensions/api/clipboard,no_hash_commit
mozilla/add-ons/webextensions/api/commands,no_hash_commit
mozilla/add-ons/webextensions/api/contentscripts,no_hash_commit
mozilla/add-ons/webextensions/api/contextualidentities,no_hash_commit
mozilla/add-ons/webextensions/api/cookies,no_hash_commit
mozilla/add-ons/webextensions/api/menus,no_hash_commit
mozilla/add-ons/webextensions/api/theme,no_hash_commit
mozilla/add-ons/webextensions/examples,no_hash_commit
mozilla/add-ons/webextensions,no_hash_commit
mozilla/add-ons/webextensions/intercept_http_requests,no_hash_commit
mozilla/add-ons/webextensions/manifest.json/permissions,no_hash_commit
mozilla/add-ons/webextensions/manifest.json/short_name,no_hash_commit
mozilla/add-ons/webextensions/manifest.json/web_accessible_resources,no_hash_commit
mozilla/add-ons/webextensions/user_interface/context_menu_items,no_hash_commit
mozilla/add-ons/webextensions/what_are_webextensions,no_hash_commit
mozilla/add-ons/webextensions/what_next,no_hash_commit
mozilla/add-ons/webextensions/your_first_webextension,no_hash_commit
mozilla/add-ons/webextensions/your_second_webextension,no_hash_commit
mozilla/firefox,no_hash_commit
mozilla/firefox/releases/3/full_page_zoom,no_hash_commit
mozilla/firefox/releases/49,no_hash_commit
mozilla/firefox/releases,no_hash_commit
mozilla,no_hash_commit
web/accessibility/aria/guides,no_hash_commit
web/accessibility/aria/guides/multipart_labels,no_hash_commit
web/accessibility/aria/guides/screen_reader_implementors,no_hash_commit
web/accessibility/aria/guides/techniques,no_hash_commit
web/accessibility/aria,no_hash_commit
web/accessibility/aria/reference/attributes/aria-label,no_hash_commit
web/accessibility/aria/reference/roles/alert_role,no_hash_commit
web/accessibility/aria/reference/roles,no_hash_commit
web/accessibility/guides/accessible_web_applications_and_widgets,no_hash_commit
web/accessibility/guides/mobile_accessibility_checklist,no_hash_commit
web/accessibility/guides/understanding_wcag,no_hash_commit
web/accessibility,5f4dc8ee228442ddf6831f5f4b8ffe37e5f2beb3
web/api/abortsignal/aborted,no_hash_commit
web/api/abortsignal,no_hash_commit
web/api/angle_instanced_arrays,no_hash_commit
web/api/animation/cancel,no_hash_commit
web/api/animation/currenttime,no_hash_commit
web/api/animation,no_hash_commit
web/api/animation/playstate,no_hash_commit
web/api/animationevent/animationevent,no_hash_commit
web/api/animationevent/animationname,no_hash_commit
web/api/animationevent/elapsedtime,no_hash_commit
web/api/animationevent,no_hash_commit
web/api/animationevent/pseudoelement,no_hash_commit
web/api/attr,no_hash_commit
web/api/attr/localname,no_hash_commit
web/api/audio_output_devices_api,no_hash_commit
web/api/audiocontext,no_hash_commit
web/api/audionode,no_hash_commit
web/api/background_fetch_api,no_hash_commit
web/api/baseaudiocontext/currenttime,no_hash_commit
web/api/battery_status_api,no_hash_commit
web/api/batterymanager/charging,no_hash_commit
web/api/batterymanager/chargingchange_event,no_hash_commit
web/api/batterymanager/chargingtime,no_hash_commit
web/api/batterymanager/chargingtimechange_event,no_hash_commit
web/api/batterymanager/dischargingtime,no_hash_commit
web/api/batterymanager/dischargingtimechange_event,no_hash_commit
web/api/batterymanager,no_hash_commit
web/api/batterymanager/level,no_hash_commit
web/api/batterymanager/levelchange_event,no_hash_commit
web/api/beacon_api,no_hash_commit
web/api/biquadfilternode,no_hash_commit
web/api/blob/blob,no_hash_commit
web/api/blob,no_hash_commit
web/api/blob/size,no_hash_commit
web/api/blob/slice,no_hash_commit
web/api/blob/type,no_hash_commit
web/api/broadcastchannel,no_hash_commit
web/api/cache,no_hash_commit
web/api/canvas_api,no_hash_commit
web/api/canvas_api/tutorial/advanced_animations,no_hash_commit
web/api/canvas_api/tutorial/applying_styles_and_colors,no_hash_commit
web/api/canvas_api/tutorial/basic_animations,no_hash_commit
web/api/canvas_api/tutorial/basic_usage,no_hash_commit
web/api/canvas_api/tutorial/compositing,no_hash_commit
web/api/canvas_api/tutorial/drawing_shapes,no_hash_commit
web/api/canvas_api/tutorial/drawing_text,no_hash_commit
web/api/canvas_api/tutorial/finale,no_hash_commit
web/api/canvas_api/tutorial,no_hash_commit
web/api/canvas_api/tutorial/optimizing_canvas,no_hash_commit
web/api/canvas_api/tutorial/using_images,no_hash_commit
web/api/canvasrenderingcontext2d/arc,no_hash_commit
web/api/canvasrenderingcontext2d/arcto,no_hash_commit
web/api/canvasrenderingcontext2d/beginpath,no_hash_commit
web/api/canvasrenderingcontext2d/clearrect,no_hash_commit
web/api/canvasrenderingcontext2d/clip,no_hash_commit
web/api/canvasrenderingcontext2d/closepath,no_hash_commit
web/api/canvasrenderingcontext2d/fill,no_hash_commit
web/api/canvasrenderingcontext2d/fillrect,no_hash_commit
web/api/canvasrenderingcontext2d/fillstyle,no_hash_commit
web/api/canvasrenderingcontext2d/globalcompositeoperation,no_hash_commit
web/api/canvasrenderingcontext2d,no_hash_commit
web/api/canvasrenderingcontext2d/lineto,no_hash_commit
web/api/canvasrenderingcontext2d/moveto,no_hash_commit
web/api/canvasrenderingcontext2d/quadraticcurveto,no_hash_commit
web/api/canvasrenderingcontext2d/rect,no_hash_commit
web/api/canvasrenderingcontext2d/stroke,no_hash_commit
web/api/canvasrenderingcontext2d/strokerect,no_hash_commit
web/api/characterdata,no_hash_commit
web/api/clipboardevent,no_hash_commit
web/api/closeevent/closeevent,no_hash_commit
web/api/closeevent,no_hash_commit
web/api/console/assert_static,no_hash_commit
web/api/console/clear_static,no_hash_commit
web/api/console/count_static,no_hash_commit
web/api/console/dir_static,no_hash_commit
web/api/console/error_static,no_hash_commit
web/api/console,no_hash_commit
web/api/console/info_static,no_hash_commit
web/api/console/log_static,no_hash_commit
web/api/console/table_static,no_hash_commit
web/api/console/time_static,no_hash_commit
web/api/console/timeend_static,no_hash_commit
web/api/console/timestamp_static,no_hash_commit
web/api/console/warn_static,no_hash_commit
web/api/console_api,no_hash_commit
web/api/crypto/getrandomvalues,no_hash_commit
web/api/crypto,no_hash_commit
web/api/crypto/subtle,no_hash_commit
web/api/cryptokey,no_hash_commit
web/api/css,no_hash_commit
web/api/css_object_model,no_hash_commit
web/api/customelementregistry/define,no_hash_commit
web/api/customelementregistry/get,no_hash_commit
web/api/customelementregistry,no_hash_commit
web/api/customelementregistry/upgrade,no_hash_commit
web/api/customelementregistry/whendefined,no_hash_commit
web/api/datatransfer,no_hash_commit
web/api/devicemotioneventacceleration,no_hash_commit
web/api/devicemotioneventrotationrate,no_hash_commit
web/api/document/activeelement,no_hash_commit
web/api/document/alinkcolor,no_hash_commit
web/api/document/anchors,no_hash_commit
web/api/document/bgcolor,no_hash_commit
web/api/document/body,no_hash_commit
web/api/document/characterset,no_hash_commit
web/api/document/close,no_hash_commit
web/api/document/compatmode,no_hash_commit
web/api/document/contenttype,no_hash_commit
web/api/document/createelement,no_hash_commit
web/api/document/createelementns,no_hash_commit
web/api/document/createnodeiterator,no_hash_commit
web/api/document/currentscript,no_hash_commit
web/api/document/defaultview,no_hash_commit
web/api/document/designmode,no_hash_commit
web/api/document/doctype,no_hash_commit
web/api/document/document,no_hash_commit
web/api/document/documentelement,no_hash_commit
web/api/document/documenturi,no_hash_commit
web/api/document/domcontentloaded_event,no_hash_commit
web/api/document/elementfrompoint,no_hash_commit
web/api/document/execcommand,no_hash_commit
web/api/document/fullscreen,no_hash_commit
web/api/document/getelementbyid,no_hash_commit
web/api/document/getelementsbyclassname,no_hash_commit
web/api/document/getelementsbyname,no_hash_commit
web/api/document/getselection,no_hash_commit
web/api/document/hasfocus,no_hash_commit
web/api/document/head,no_hash_commit
web/api/document/images,no_hash_commit
web/api/document/implementation,no_hash_commit
web/api/document/importnode,no_hash_commit
web/api/document,no_hash_commit
web/api/document/location,no_hash_commit
web/api/document/queryselector,no_hash_commit
web/api/document/queryselectorall,no_hash_commit
web/api/document/readystate,no_hash_commit
web/api/document/readystatechange_event,no_hash_commit
web/api/document/referrer,no_hash_commit
web/api/document/scripts,no_hash_commit
web/api/document/url,no_hash_commit
web/api/document/write,no_hash_commit
web/api/document/writeln,no_hash_commit
web/api/document_object_model/examples,no_hash_commit
web/api/document_object_model,no_hash_commit
web/api/document_object_model/introduction,no_hash_commit
web/api/document_object_model/using_the_document_object_model,no_hash_commit
web/api/document_object_model/whitespace,no_hash_commit
web/api/documentfragment,no_hash_commit
web/api/domimplementation/createdocument,no_hash_commit
web/api/domstringlist,no_hash_commit
web/api/domstringmap,no_hash_commit
web/api/element/animate,no_hash_commit
web/api/element/attributes,no_hash_commit
web/api/element/blur_event,no_hash_commit
web/api/element/childelementcount,no_hash_commit
web/api/element/classlist,no_hash_commit
web/api/element/classname,no_hash_commit
web/api/element/click_event,no_hash_commit
web/api/element/clientheight,no_hash_commit
web/api/element/closest,no_hash_commit
web/api/element/contextmenu_event,no_hash_commit
web/api/element/focus_event,no_hash_commit
web/api/element/focusin_event,no_hash_commit
web/api/element/focusout_event,no_hash_commit
web/api/element/getattribute,no_hash_commit
web/api/element/getboundingclientrect,no_hash_commit
web/api/element/getelementsbyclassname,no_hash_commit
web/api/element/id,no_hash_commit
web/api/element,no_hash_commit
web/api/element/innerhtml,no_hash_commit
web/api/element/input_event,no_hash_commit
web/api/element/insertadjacenthtml,no_hash_commit
web/api/element/keydown_event,no_hash_commit
web/api/element/keypress_event,no_hash_commit
web/api/element/lostpointercapture_event,no_hash_commit
web/api/element/matches,no_hash_commit
web/api/element/mousedown_event,no_hash_commit
web/api/element/mouseenter_event,no_hash_commit
web/api/element/mouseover_event,b4dc8c13ae9041844dc45423aa087002bf9a25e9
web/api/element/outerhtml,no_hash_commit
web/api/element/queryselector,no_hash_commit
web/api/element/queryselectorall,no_hash_commit
web/api/element/removeattribute,93f6ad26b70067f9fbac190ea6a0351fdf40318e
web/api/element/scroll_event,no_hash_commit
web/api/element/scrollintoview,no_hash_commit
web/api/element/scrollleft,no_hash_commit
web/api/element/scrolltop,no_hash_commit
web/api/element/scrollwidth,no_hash_commit
web/api/element/setattribute,3b8105ccda6714b0e10fefa8227f8c4a61807d98
web/api/element/setattributens,93f6ad26b70067f9fbac190ea6a0351fdf40318e
web/api/element/tagname,no_hash_commit
web/api/element/touchstart_event,no_hash_commit
web/api/encoding_api,no_hash_commit
web/api/event/currenttarget,no_hash_commit
web/api/event/defaultprevented,no_hash_commit
web/api/event/event,no_hash_commit
web/api/event,no_hash_commit
web/api/event/initevent,no_hash_commit
web/api/event/istrusted,no_hash_commit
web/api/event/preventdefault,no_hash_commit
web/api/event/srcelement,no_hash_commit
web/api/event/stopimmediatepropagation,no_hash_commit
web/api/event/stoppropagation,no_hash_commit
web/api/event/target,no_hash_commit
web/api/event/type,no_hash_commit
web/api/eventsource/error_event,no_hash_commit
web/api/eventsource/eventsource,no_hash_commit
web/api/eventsource,no_hash_commit
web/api/eventtarget/addeventlistener,no_hash_commit
web/api/eventtarget/dispatchevent,no_hash_commit
web/api/eventtarget/eventtarget,no_hash_commit
web/api/eventtarget,no_hash_commit
web/api/eventtarget/removeeventlistener,no_hash_commit
web/api/fetch_api,no_hash_commit
web/api/fetch_api/using_fetch,no_hash_commit
web/api/file,no_hash_commit
web/api/filelist,no_hash_commit
web/api/filereader/filereader,no_hash_commit
web/api/filereader,no_hash_commit
web/api/filereader/load_event,no_hash_commit
web/api/filereader/readasarraybuffer,no_hash_commit
web/api/filereader/readasbinarystring,no_hash_commit
web/api/filereader/readasdataurl,no_hash_commit
web/api/filereader/readastext,no_hash_commit
web/api/formdata/append,no_hash_commit
web/api/formdata/delete,no_hash_commit
web/api/formdata/entries,no_hash_commit
web/api/formdata/formdata,no_hash_commit
web/api/formdata/get,no_hash_commit
web/api/formdata/getall,no_hash_commit
web/api/formdata/has,no_hash_commit
web/api/formdata,no_hash_commit
web/api/formdata/set,no_hash_commit
web/api/gamepad_api,no_hash_commit
web/api/geolocation/clearwatch,no_hash_commit
web/api/geolocation/getcurrentposition,no_hash_commit
web/api/geolocation,no_hash_commit
web/api/geolocation/watchposition,no_hash_commit
web/api/geolocation_api,no_hash_commit
web/api/geolocationcoordinates/altitude,no_hash_commit
web/api/geolocationcoordinates,no_hash_commit
web/api/geolocationposition/coords,no_hash_commit
web/api/geolocationposition,no_hash_commit
web/api/geolocationpositionerror,no_hash_commit
web/api/history_api,no_hash_commit
web/api/history_api/working_with_the_history_api,no_hash_commit
web/api/html_drag_and_drop_api/file_drag_and_drop,no_hash_commit
web/api/html_drag_and_drop_api,no_hash_commit
web/api/htmlcanvaselement/getcontext,no_hash_commit
web/api/htmlcanvaselement/height,no_hash_commit
web/api/htmlcanvaselement/todataurl,no_hash_commit
web/api/htmlcollection,no_hash_commit
web/api/htmldivelement,no_hash_commit
web/api/htmlelement/accesskey,no_hash_commit
web/api/htmlelement/change_event,no_hash_commit
web/api/htmlelement/click,no_hash_commit
web/api/htmlelement/contenteditable,no_hash_commit
web/api/htmlelement/innertext,no_hash_commit
web/api/htmlelement/offsetheight,no_hash_commit
web/api/htmlelement/offsetleft,no_hash_commit
web/api/htmlelement/offsetparent,no_hash_commit
web/api/htmlelement/offsettop,no_hash_commit
web/api/htmlelement/offsetwidth,no_hash_commit
web/api/htmlformelement/submit_event,no_hash_commit
web/api/htmlinputelement,no_hash_commit
web/api/htmlinputelement/select,no_hash_commit
web/api/htmlinputelement/setselectionrange,no_hash_commit
web/api/htmlmediaelement/abort_event,no_hash_commit
web/api/htmloptionelement/option,no_hash_commit
web/api/htmlselectelement/checkvalidity,no_hash_commit
web/api/htmlslotelement,no_hash_commit
web/api/htmlspanelement,no_hash_commit
web/api/idbcursor,no_hash_commit
web/api/idbfactory,no_hash_commit
web/api/idle_detection_api,no_hash_commit
web/api/imagecapture,no_hash_commit
web/api,no_hash_commit
web/api/indexeddb_api,no_hash_commit
web/api/indexeddb_api/using_indexeddb,no_hash_commit
web/api/location/assign,no_hash_commit
web/api/location,no_hash_commit
web/api/location/reload,no_hash_commit
web/api/location/search,no_hash_commit
web/api/mediadevices,no_hash_commit
web/api/messagechannel,no_hash_commit
web/api/messageport/postmessage,no_hash_commit
web/api/mouseevent/clientx,no_hash_commit
web/api/mouseevent/clienty,no_hash_commit
web/api/mouseevent,no_hash_commit
web/api/mutationobserver,no_hash_commit
web/api/navigator/cookieenabled,no_hash_commit
web/api/navigator/devicememory,no_hash_commit
web/api/navigator/geolocation,no_hash_commit
web/api/navigator/getbattery,no_hash_commit
web/api/navigator/getusermedia,no_hash_commit
web/api/navigator/share,no_hash_commit
web/api/network_information_api,no_hash_commit
web/api/node/appendchild,no_hash_commit
web/api/node/baseuri,no_hash_commit
web/api/node/childnodes,no_hash_commit
web/api/node/clonenode,no_hash_commit
web/api/node/contains,no_hash_commit
web/api/node/firstchild,no_hash_commit
web/api/node,no_hash_commit
web/api/node/insertbefore,no_hash_commit
web/api/node/isconnected,no_hash_commit
web/api/node/lastchild,no_hash_commit
web/api/node/nextsibling,no_hash_commit
web/api/node/parentnode,no_hash_commit
web/api/node/previoussibling,no_hash_commit
web/api/node/removechild,no_hash_commit
web/api/node/replacechild,no_hash_commit
web/api/node/textcontent,no_hash_commit
web/api/nodelist,no_hash_commit
web/api/notification,no_hash_commit
web/api/offlineaudiocontext,no_hash_commit
web/api/page_visibility_api,no_hash_commit
web/api/path2d,no_hash_commit
web/api/performance/now,no_hash_commit
web/api/performance/tojson,no_hash_commit
web/api/performance_api/navigation_timing,no_hash_commit
web/api/processinginstruction,no_hash_commit
web/api/push_api/best_practices,no_hash_commit
web/api/push_api,no_hash_commit
web/api/pushmanager,no_hash_commit
web/api/request,no_hash_commit
web/api/request/request,no_hash_commit
web/api/response,no_hash_commit
web/api/rtccertificate,no_hash_commit
web/api/rtcdatachannel,no_hash_commit
web/api/rtcicetransport,no_hash_commit
web/api/rtcpeerconnection/connectionstate,no_hash_commit
web/api/selection,no_hash_commit
web/api/server-sent_events/using_server-sent_events,no_hash_commit
web/api/service_worker_api,no_hash_commit
web/api/serviceworkercontainer/register,no_hash_commit
web/api/serviceworkerglobalscope/clients,no_hash_commit
web/api/sharedworker/port,no_hash_commit
web/api/speechgrammar,no_hash_commit
web/api/speechsynthesis,no_hash_commit
web/api/speechsynthesisutterance/voice,no_hash_commit
web/api/storage/clear,no_hash_commit
web/api/storage/getitem,no_hash_commit
web/api/storage,no_hash_commit
web/api/storage/key,no_hash_commit
web/api/storage/length,no_hash_commit
web/api/storage/removeitem,no_hash_commit
web/api/storage/setitem,no_hash_commit
web/api/storagemanager,no_hash_commit
web/api/streams_api/concepts,no_hash_commit
web/api/streams_api,no_hash_commit
web/api/subtlecrypto/derivekey,no_hash_commit
web/api/subtlecrypto/generatekey,no_hash_commit
web/api/subtlecrypto/importkey,no_hash_commit
web/api/subtlecrypto,no_hash_commit
web/api/svgaelement,no_hash_commit
web/api/svgaelement/target,no_hash_commit
web/api/svganimatetransformelement,no_hash_commit
web/api/touch_events,no_hash_commit
web/api/url/createobjecturl_static,no_hash_commit
web/api/url/hash,no_hash_commit
web/api/url/host,no_hash_commit
web/api/url/hostname,no_hash_commit
web/api/url/href,no_hash_commit
web/api/url,no_hash_commit
web/api/url/origin,no_hash_commit
web/api/url/password,no_hash_commit
web/api/url/pathname,no_hash_commit
web/api/url/port,no_hash_commit
web/api/url/protocol,no_hash_commit
web/api/url/revokeobjecturl_static,no_hash_commit
web/api/url/search,no_hash_commit
web/api/url/searchparams,no_hash_commit
web/api/url/tojson,no_hash_commit
web/api/url/tostring,no_hash_commit
web/api/url/username,no_hash_commit
web/api/urlsearchparams/get,no_hash_commit
web/api/urlsearchparams,no_hash_commit
web/api/urlsearchparams/values,no_hash_commit
web/api/validitystate,no_hash_commit
web/api/web_animations_api/tips,no_hash_commit
web/api/web_animations_api/using_the_web_animations_api,no_hash_commit
web/api/web_audio_api,no_hash_commit
web/api/web_audio_api/simple_synth,no_hash_commit
web/api/web_components,no_hash_commit
web/api/web_components/using_custom_elements,no_hash_commit
web/api/web_crypto_api,no_hash_commit
web/api/web_storage_api,no_hash_commit
web/api/web_storage_api/using_the_web_storage_api,no_hash_commit
web/api/web_workers_api,no_hash_commit
web/api/webgl_api,no_hash_commit
web/api/webgl_api/tutorial/adding_2d_content_to_a_webgl_context,no_hash_commit
web/api/webgl_api/tutorial/getting_started_with_webgl,no_hash_commit
web/api/webrtc_api,no_hash_commit
web/api/webrtc_api/protocols,no_hash_commit
web/api/webrtc_api/simple_rtcdatachannel_sample,no_hash_commit
web/api/websocket,no_hash_commit
web/api/websockets_api,no_hash_commit
web/api/websockets_api/writing_websocket_client_applications,no_hash_commit
web/api/websockets_api/writing_websocket_server,no_hash_commit
web/api/websockets_api/writing_websocket_servers,no_hash_commit
web/api/webvr_api,no_hash_commit
web/api/window/alert,no_hash_commit
web/api/window/atob,no_hash_commit
web/api/window/beforeunload_event,no_hash_commit
web/api/window/blur_event,no_hash_commit
web/api/window/cleartimeout,no_hash_commit
web/api/window/closed,no_hash_commit
web/api/window/confirm,no_hash_commit
web/api/window/crypto,no_hash_commit
web/api/window/document,no_hash_commit
web/api/window/error_event,no_hash_commit
web/api/window/event,no_hash_commit
web/api/window/fetch,no_hash_commit
web/api/window/focus_event,no_hash_commit
web/api/window/fullscreen,no_hash_commit
web/api/window/getselection,no_hash_commit
web/api/window/hashchange_event,no_hash_commit
web/api/window/history,no_hash_commit
web/api/window,no_hash_commit
web/api/window/innerheight,no_hash_commit
web/api/window/length,no_hash_commit
web/api/window/load_event,no_hash_commit
web/api/window/localstorage,no_hash_commit
web/api/window/location,no_hash_commit
web/api/window/matchmedia,no_hash_commit
web/api/window/navigator,no_hash_commit
web/api/window/origin,no_hash_commit
web/api/window/performance,no_hash_commit
web/api/window/popstate_event,no_hash_commit
web/api/window/print,no_hash_commit
web/api/window/prompt,no_hash_commit
web/api/window/requestanimationframe,no_hash_commit
web/api/window/requestidlecallback,no_hash_commit
web/api/window/resize_event,no_hash_commit
web/api/window/scroll,no_hash_commit
web/api/window/scrollby,no_hash_commit
web/api/window/scrollbypages,no_hash_commit
web/api/window/scrollto,no_hash_commit
web/api/window/scrolly,no_hash_commit
web/api/window/sessionstorage,no_hash_commit
web/api/window/setimmediate,no_hash_commit
web/api/window/setinterval,no_hash_commit
web/api/window/storage_event,no_hash_commit
web/api/worker,no_hash_commit
web/api/xmldocument,no_hash_commit
web/api/xmlhttprequest/abort,no_hash_commit
web/api/xmlhttprequest,no_hash_commit
web/api/xmlhttprequest/open,no_hash_commit
web/api/xmlhttprequest/readystate,no_hash_commit
web/api/xmlhttprequest/readystatechange_event,no_hash_commit
web/api/xmlhttprequest/send,no_hash_commit
web/api/xmlhttprequest/setrequestheader,no_hash_commit
web/api/xmlhttprequest/timeout,no_hash_commit
web/api/xmlhttprequest_api/synchronous_and_asynchronous_requests,no_hash_commit
web/api/xmlhttprequest_api/using_xmlhttprequest,no_hash_commit
web/api/xsltprocessor,no_hash_commit
web/css/--_star_,no_hash_commit
web/css/-webkit-text-security,no_hash_commit
web/css/@charset,no_hash_commit
web/css/@font-face,no_hash_commit
web/css/@import,no_hash_commit
web/css/@layer,no_hash_commit
web/css/@media/aspect-ratio,no_hash_commit
web/css/@media/display-mode,no_hash_commit
web/css/@media/prefers-color-scheme,no_hash_commit
web/css/@page,no_hash_commit
web/css/_colon_active,no_hash_commit
web/css/_colon_blank,no_hash_commit
web/css/_colon_checked,no_hash_commit
web/css/_colon_disabled,no_hash_commit
web/css/_colon_empty,no_hash_commit
web/css/_colon_enabled,no_hash_commit
web/css/_colon_first-child,no_hash_commit
web/css/_colon_first-of-type,no_hash_commit
web/css/_colon_focus-within,no_hash_commit
web/css/_colon_focus,no_hash_commit
web/css/_colon_hover,no_hash_commit
web/css/_colon_invalid,no_hash_commit
web/css/_colon_last-child,no_hash_commit
web/css/_colon_last-of-type,no_hash_commit
web/css/_colon_link,no_hash_commit
web/css/_colon_not,no_hash_commit
web/css/_colon_nth-child,no_hash_commit
web/css/_colon_nth-last-child,no_hash_commit
web/css/_colon_nth-of-type,no_hash_commit
web/css/_colon_only-child,no_hash_commit
web/css/_colon_only-of-type,no_hash_commit
web/css/_colon_optional,no_hash_commit
web/css/_colon_out-of-range,no_hash_commit
web/css/_colon_read-write,no_hash_commit
web/css/_colon_required,no_hash_commit
web/css/_colon_root,no_hash_commit
web/css/_colon_target,no_hash_commit
web/css/_colon_valid,no_hash_commit
web/css/_colon_visited,no_hash_commit
web/css/_doublecolon_-webkit-scrollbar,no_hash_commit
web/css/_doublecolon_after,no_hash_commit
web/css/_doublecolon_backdrop,no_hash_commit
web/css/_doublecolon_before,no_hash_commit
web/css/_doublecolon_first-letter,no_hash_commit
web/css/_doublecolon_first-line,no_hash_commit
web/css/_doublecolon_selection,no_hash_commit
web/css/align-content,no_hash_commit
web/css/align-items,no_hash_commit
web/css/align-self,no_hash_commit
web/css/animation-delay,no_hash_commit
web/css/animation,no_hash_commit
web/css/attr,no_hash_commit
web/css/attribute_selectors,no_hash_commit
web/css/backdrop-filter,no_hash_commit
web/css/backface-visibility,no_hash_commit
web/css/background-attachment,no_hash_commit
web/css/background-blend-mode,no_hash_commit
web/css/background-clip,no_hash_commit
web/css/background-color,no_hash_commit
web/css/background-origin,no_hash_commit
web/css/background-size,no_hash_commit
web/css/background,no_hash_commit
web/css/blend-mode,no_hash_commit
web/css/block-size,no_hash_commit
web/css/border-left,no_hash_commit
web/css/box-ordinal-group,no_hash_commit
web/css/box-shadow,no_hash_commit
web/css/box-sizing,no_hash_commit
web/css/calc,no_hash_commit
web/css/class_selectors,no_hash_commit
web/css/clear,no_hash_commit
web/css/color-scheme,no_hash_commit
web/css/color,no_hash_commit
web/css/color_value,no_hash_commit
web/css/contain,no_hash_commit
web/css/content,no_hash_commit
web/css/css_animations/using_css_animations,no_hash_commit
web/css/css_backgrounds_and_borders/border-image_generator,no_hash_commit
web/css/css_backgrounds_and_borders/border-radius_generator,no_hash_commit
web/css/css_backgrounds_and_borders/resizing_background_images,no_hash_commit
web/css/css_backgrounds_and_borders/using_multiple_backgrounds,no_hash_commit
web/css/css_basic_user_interface,no_hash_commit
web/css/css_box_model,no_hash_commit
web/css/css_box_model/introduction_to_the_css_box_model,no_hash_commit
web/css/css_box_model/mastering_margin_collapsing,no_hash_commit
web/css/css_cascade/actual_value,no_hash_commit
web/css/css_cascade/computed_value,no_hash_commit
web/css/css_cascade/inheritance,no_hash_commit
web/css/css_cascade/initial_value,no_hash_commit
web/css/css_cascade/shorthand_properties,no_hash_commit
web/css/css_cascade/specificity,no_hash_commit
web/css/css_cascade/specified_value,no_hash_commit
web/css/css_cascade/used_value,no_hash_commit
web/css/css_cascading_variables/using_css_custom_properties,no_hash_commit
web/css/css_colors/applying_color,no_hash_commit
web/css/css_colors/color_picker_tool,no_hash_commit
web/css/css_counter_styles/using_css_counters,no_hash_commit
web/css/css_display,no_hash_commit
web/css/css_flexible_box_layout/aligning_items_in_a_flex_container,no_hash_commit
web/css/css_flexible_box_layout/basic_concepts_of_flexbox,no_hash_commit
web/css/css_flexible_box_layout,no_hash_commit
web/css/css_grid_layout/basic_concepts_of_grid_layout,14515827c44f3cb814261a1c6bd487ae8bfcde1b
web/css/css_grid_layout,no_hash_commit
web/css/css_grid_layout/relationship_of_grid_layout_with_other_layout_methods,no_hash_commit
web/css/css_images/implementing_image_sprites_in_css,no_hash_commit
web/css/css_images,no_hash_commit
web/css/css_media_queries,no_hash_commit
web/css/css_media_queries/printing,no_hash_commit
web/css/css_media_queries/using_media_queries,no_hash_commit
web/css/css_positioned_layout,no_hash_commit
web/css/css_positioned_layout/understanding_z-index,no_hash_commit
web/css/css_selectors,no_hash_commit
web/css/css_syntax/at-rule,no_hash_commit
web/css/css_syntax/syntax,no_hash_commit
web/css/css_transforms/using_css_transforms,no_hash_commit
web/css/css_transitions/using_css_transitions,no_hash_commit
web/css/css_values_and_units/css_data_types,no_hash_commit
web/css/cursor,no_hash_commit
web/css/descendant_combinator,no_hash_commit
web/css/display-box,no_hash_commit
web/css/display-inside,no_hash_commit
web/css/display-internal,no_hash_commit
web/css/display-legacy,no_hash_commit
web/css/display-listitem,no_hash_commit
web/css/display-outside,no_hash_commit
web/css/display,no_hash_commit
web/css/element,no_hash_commit
web/css/env,no_hash_commit
web/css/filter-function/grayscale,no_hash_commit
web/css/filter-function/opacity,no_hash_commit
web/css/filter-function/sepia,no_hash_commit
web/css/flex-direction,no_hash_commit
web/css/flex-flow,no_hash_commit
web/css/flex-wrap,no_hash_commit
web/css/flex,no_hash_commit
web/css/float,no_hash_commit
web/css/font-family,no_hash_commit
web/css/font-feature-settings,no_hash_commit
web/css/font-kerning,no_hash_commit
web/css/font-size,no_hash_commit
web/css/font-variation-settings,no_hash_commit
web/css/font-weight,no_hash_commit
web/css/gap,no_hash_commit
web/css/grid-auto-flow,no_hash_commit
web/css/grid-template-columns,no_hash_commit
web/css/grid-template-rows,no_hash_commit
web/css/grid,no_hash_commit
web/css/height,no_hash_commit
web/css/hyphens,no_hash_commit
web/css/id_selectors,no_hash_commit
web/css/image,no_hash_commit
web/css,no_hash_commit
web/css/initial,no_hash_commit
web/css/inline-size,no_hash_commit
web/css/isolation,no_hash_commit
web/css/layout_cookbook/breadcrumb_navigation,no_hash_commit
web/css/layout_cookbook,no_hash_commit
web/css/layout_cookbook/media_objects,no_hash_commit
web/css/layout_mode,no_hash_commit
web/css/letter-spacing,no_hash_commit
web/css/line-break,no_hash_commit
web/css/margin-bottom,no_hash_commit
web/css/margin-top,no_hash_commit
web/css/margin,no_hash_commit
web/css/mask,no_hash_commit
web/css/max-width,no_hash_commit
web/css/min-height,no_hash_commit
web/css/mix-blend-mode,no_hash_commit
web/css/number,no_hash_commit
web/css/object-fit,no_hash_commit
web/css/offset,no_hash_commit
web/css/opacity,no_hash_commit
web/css/outline,no_hash_commit
web/css/overflow-wrap,no_hash_commit
web/css/overflow,no_hash_commit
web/css/padding-left,no_hash_commit
web/css/padding,no_hash_commit
web/css/page-break-before,no_hash_commit
web/css/pointer-events,no_hash_commit
web/css/position,no_hash_commit
web/css/privacy_and_the__colon_visited_selector,no_hash_commit
web/css/pseudo-classes,no_hash_commit
web/css/pseudo-elements,no_hash_commit
web/css/reference,no_hash_commit
web/css/ruby-align,no_hash_commit
web/css/scroll-behavior,no_hash_commit
web/css/scrollbar-color,no_hash_commit
web/css/subsequent-sibling_combinator,no_hash_commit
web/css/text-align,no_hash_commit
web/css/text-decoration-style,no_hash_commit
web/css/text-decoration,no_hash_commit
web/css/text-overflow,no_hash_commit
web/css/text-rendering,no_hash_commit
web/css/text-shadow,no_hash_commit
web/css/text-transform,no_hash_commit
web/css/time,no_hash_commit
web/css/transform-function/perspective,no_hash_commit
web/css/transform-function/rotate,no_hash_commit
web/css/transform-function/rotate3d,no_hash_commit
web/css/transform-function/scale,no_hash_commit
web/css/transform-function/translate,no_hash_commit
web/css/transform-origin,no_hash_commit
web/css/transform-style,no_hash_commit
web/css/transform,no_hash_commit
web/css/transition-delay,no_hash_commit
web/css/transition-timing-function,no_hash_commit
web/css/transition,no_hash_commit
web/css/translate,no_hash_commit
web/css/type_selectors,no_hash_commit
web/css/universal_selectors,no_hash_commit
web/css/var,no_hash_commit
web/css/vertical-align,no_hash_commit
web/css/visibility,no_hash_commit
web/css/white-space,no_hash_commit
web/css/width,no_hash_commit
web/css/will-change,no_hash_commit
web/css/word-break,no_hash_commit
web/css/writing-mode,no_hash_commit
web/html/attributes,no_hash_commit
web/html/content_categories,no_hash_commit
web/html/cors_enabled_image,no_hash_commit
web/html/element/a,no_hash_commit
web/html/element/abbr,f10015d1752d5668d8fe0de29f9d9807de475d58
web/html/element/acronym,no_hash_commit
web/html/element/address,no_hash_commit
web/html/element/area,no_hash_commit
web/html/element/article,no_hash_commit
web/html/element/aside,no_hash_commit
web/html/element/audio,no_hash_commit
web/html/element/b,no_hash_commit
web/html/element/base,no_hash_commit
web/html/element/bdi,no_hash_commit
web/html/element/bdo,no_hash_commit
web/html/element/big,no_hash_commit
web/html/element/blockquote,no_hash_commit
web/html/element/body,no_hash_commit
web/html/element/br,no_hash_commit
web/html/element/button,no_hash_commit
web/html/element/canvas,no_hash_commit
web/html/element/caption,no_hash_commit
web/html/element/center,no_hash_commit
web/html/element/cite,no_hash_commit
web/html/element/code,no_hash_commit
web/html/element/datalist,no_hash_commit
web/html/element/dd,no_hash_commit
web/html/element/del,no_hash_commit
web/html/element/details,no_hash_commit
web/html/element/dfn,no_hash_commit
web/html/element/dialog,no_hash_commit
web/html/element/dir,no_hash_commit
web/html/element/div,no_hash_commit
web/html/element/dl,no_hash_commit
web/html/element/dt,no_hash_commit
web/html/element/em,no_hash_commit
web/html/element/embed,no_hash_commit
web/html/element/fieldset,no_hash_commit
web/html/element/figcaption,no_hash_commit
web/html/element/figure,no_hash_commit
web/html/element/footer,no_hash_commit
web/html/element/head,no_hash_commit
web/html/element/header,no_hash_commit
web/html/element/heading_elements,no_hash_commit
web/html/element/hgroup,no_hash_commit
web/html/element/hr,no_hash_commit
web/html/element/html,no_hash_commit
web/html/element/i,no_hash_commit
web/html/element/iframe,no_hash_commit
web/html/element/img,no_hash_commit
web/html/element,no_hash_commit
web/html/element/input/button,no_hash_commit
web/html/element/input/checkbox,no_hash_commit
web/html/element/input/date,no_hash_commit
web/html/element/input,no_hash_commit
web/html/element/input/password,no_hash_commit
web/html/element/input/range,no_hash_commit
web/html/element/input/time,no_hash_commit
web/html/element/label,no_hash_commit
web/html/element/legend,no_hash_commit
web/html/element/li,no_hash_commit
web/html/element/link,no_hash_commit
web/html/element/main,no_hash_commit
web/html/element/map,no_hash_commit
web/html/element/mark,no_hash_commit
web/html/element/marquee,no_hash_commit
web/html/element/meta,no_hash_commit
web/html/element/meter,no_hash_commit
web/html/element/nav,no_hash_commit
web/html/element/nobr,no_hash_commit
web/html/element/noscript,no_hash_commit
web/html/element/ol,no_hash_commit
web/html/element/optgroup,no_hash_commit
web/html/element/option,no_hash_commit
web/html/element/output,no_hash_commit
web/html/element/p,no_hash_commit
web/html/element/picture,no_hash_commit
web/html/element/pre,no_hash_commit
web/html/element/progress,no_hash_commit
web/html/element/q,no_hash_commit
web/html/element/ruby,no_hash_commit
web/html/element/s,no_hash_commit
web/html/element/script,no_hash_commit
web/html/element/section,no_hash_commit
web/html/element/select,no_hash_commit
web/html/element/source,no_hash_commit
web/html/element/span,no_hash_commit
web/html/element/strong,no_hash_commit
web/html/element/style,no_hash_commit
web/html/element/summary,no_hash_commit
web/html/element/table,no_hash_commit
web/html/element/template,no_hash_commit
web/html/element/textarea,no_hash_commit
web/html/element/tfoot,no_hash_commit
web/html/element/th,no_hash_commit
web/html/element/time,no_hash_commit
web/html/element/title,no_hash_commit
web/html/element/track,no_hash_commit
web/html/element/ul,no_hash_commit
web/html/element/var,no_hash_commit
web/html/element/video,no_hash_commit
web/html/element/wbr,no_hash_commit
web/html/global_attributes/accesskey,no_hash_commit
web/html/global_attributes/autocapitalize,no_hash_commit
web/html/global_attributes/class,no_hash_commit
web/html/global_attributes/contenteditable,no_hash_commit
web/html/global_attributes/data-_star_,no_hash_commit
web/html/global_attributes/hidden,no_hash_commit
web/html/global_attributes/id,no_hash_commit
web/html/global_attributes,no_hash_commit
web/html/global_attributes/itemprop,no_hash_commit
web/html/global_attributes/lang,no_hash_commit
web/html/global_attributes/spellcheck,no_hash_commit
web/html/global_attributes/tabindex,no_hash_commit
web/html/global_attributes/title,no_hash_commit
web/html,no_hash_commit
web/html/microformats,no_hash_commit
web/html/quirks_mode_and_standards_mode,no_hash_commit
web/html/reference,no_hash_commit
web/html/responsive_images,no_hash_commit
web/http/guides/authentication,no_hash_commit
web/http/guides/caching,no_hash_commit
web/http/guides/compression,no_hash_commit
web/http/guides/connection_management_in_http_1.x,no_hash_commit
web/http/guides/content_negotiation,no_hash_commit
web/http/guides/content_negotiation/list_of_default_accept_values,no_hash_commit
web/http/guides/cookies,no_hash_commit
web/http/guides/cors/errors/corsdidnotsucceed,no_hash_commit
web/http/guides/cors/errors/corsmissingalloworigin,no_hash_commit
web/http/guides/cors/errors/corsnotsupportingcredentials,no_hash_commit
web/http/guides/cors/errors/corsrequestnothttp,no_hash_commit
web/http/guides/cors,no_hash_commit
web/http/guides/csp,no_hash_commit
web/http/guides/messages,no_hash_commit
web/http/guides/mime_types/common_types,no_hash_commit
web/http/guides/mime_types,no_hash_commit
web/http/guides/overview,no_hash_commit
web/http/guides/redirections,no_hash_commit
web/http/guides/session,no_hash_commit
web/http,no_hash_commit
web/http/reference/headers/accept-ch,no_hash_commit
web/http/reference/headers/accept-encoding,no_hash_commit
web/http/reference/headers/accept-language,no_hash_commit
web/http/reference/headers/accept-patch,no_hash_commit
web/http/reference/headers/accept-ranges,no_hash_commit
web/http/reference/headers/accept,no_hash_commit
web/http/reference/headers/access-control-allow-credentials,no_hash_commit
web/http/reference/headers/access-control-allow-headers,no_hash_commit
web/http/reference/headers/access-control-allow-methods,no_hash_commit
web/http/reference/headers/access-control-allow-origin,no_hash_commit
web/http/reference/headers/access-control-expose-headers,no_hash_commit
web/http/reference/headers/access-control-max-age,no_hash_commit
web/http/reference/headers/access-control-request-headers,no_hash_commit
web/http/reference/headers/access-control-request-method,no_hash_commit
web/http/reference/headers/age,no_hash_commit
web/http/reference/headers/allow,no_hash_commit
web/http/reference/headers/alt-svc,no_hash_commit
web/http/reference/headers/authorization,no_hash_commit
web/http/reference/headers/cache-control,no_hash_commit
web/http/reference/headers/clear-site-data,no_hash_commit
web/http/reference/headers/connection,no_hash_commit
web/http/reference/headers/content-digest,no_hash_commit
web/http/reference/headers/content-disposition,no_hash_commit
web/http/reference/headers/content-encoding,no_hash_commit
web/http/reference/headers/content-language,no_hash_commit
web/http/reference/headers/content-length,no_hash_commit
web/http/reference/headers/content-location,no_hash_commit
web/http/reference/headers/content-range,no_hash_commit
web/http/reference/headers/content-security-policy-report-only,no_hash_commit
web/http/reference/headers/content-security-policy,no_hash_commit
web/http/reference/headers/content-type,no_hash_commit
web/http/reference/headers/cookie,no_hash_commit
web/http/reference/headers/cross-origin-resource-policy,no_hash_commit
web/http/reference/headers/date,no_hash_commit
web/http/reference/headers/device-memory,no_hash_commit
web/http/reference/headers/dnt,no_hash_commit
web/http/reference/headers/dpr,no_hash_commit
web/http/reference/headers/early-data,no_hash_commit
web/http/reference/headers/etag,no_hash_commit
web/http/reference/headers/expect-ct,no_hash_commit
web/http/reference/headers/expect,no_hash_commit
web/http/reference/headers/expires,no_hash_commit
web/http/reference/headers/forwarded,no_hash_commit
web/http/reference/headers/from,no_hash_commit
web/http/reference/headers/host,no_hash_commit
web/http/reference/headers/if-match,no_hash_commit
web/http/reference/headers/if-modified-since,no_hash_commit
web/http/reference/headers/if-none-match,no_hash_commit
web/http/reference/headers/if-range,no_hash_commit
web/http/reference/headers/if-unmodified-since,no_hash_commit
web/http/reference/headers,no_hash_commit
web/http/reference/headers/keep-alive,no_hash_commit
web/http/reference/headers/last-modified,no_hash_commit
web/http/reference/headers/link,no_hash_commit
web/http/reference/headers/location,no_hash_commit
web/http/reference/headers/nel,no_hash_commit
web/http/reference/headers/origin,no_hash_commit
web/http/reference/headers/permissions-policy,no_hash_commit
web/http/reference/headers/pragma,no_hash_commit
web/http/reference/headers/proxy-authenticate,no_hash_commit
web/http/reference/headers/proxy-authorization,no_hash_commit
web/http/reference/headers/range,no_hash_commit
web/http/reference/headers/referer,no_hash_commit
web/http/reference/headers/referrer-policy,no_hash_commit
web/http/reference/headers/retry-after,no_hash_commit
web/http/reference/headers/save-data,no_hash_commit
web/http/reference/headers/server-timing,no_hash_commit
web/http/reference/headers/server,no_hash_commit
web/http/reference/headers/set-cookie,no_hash_commit
web/http/reference/headers/strict-transport-security,no_hash_commit
web/http/reference/headers/te,no_hash_commit
web/http/reference/headers/timing-allow-origin,no_hash_commit
web/http/reference/headers/tk,no_hash_commit
web/http/reference/headers/trailer,no_hash_commit
web/http/reference/headers/transfer-encoding,no_hash_commit
web/http/reference/headers/upgrade-insecure-requests,no_hash_commit
web/http/reference/headers/user-agent,no_hash_commit
web/http/reference/headers/vary,no_hash_commit
web/http/reference/headers/via,no_hash_commit
web/http/reference/headers/want-content-digest,no_hash_commit
web/http/reference/headers/warning,no_hash_commit
web/http/reference/headers/www-authenticate,no_hash_commit
web/http/reference/headers/x-content-type-options,no_hash_commit
web/http/reference/headers/x-dns-prefetch-control,no_hash_commit
web/http/reference/headers/x-forwarded-for,no_hash_commit
web/http/reference/headers/x-forwarded-host,no_hash_commit
web/http/reference/headers/x-forwarded-proto,no_hash_commit
web/http/reference/headers/x-frame-options,no_hash_commit
web/http/reference/headers/x-xss-protection,no_hash_commit
web/http/reference/methods/connect,no_hash_commit
web/http/reference/methods/delete,no_hash_commit
web/http/reference/methods/get,no_hash_commit
web/http/reference/methods/head,no_hash_commit
web/http/reference/methods,no_hash_commit
web/http/reference/methods/options,no_hash_commit
web/http/reference/methods/patch,no_hash_commit
web/http/reference/methods/post,no_hash_commit
web/http/reference/methods/put,no_hash_commit
web/http/reference/methods/trace,no_hash_commit
web/http/reference/status/100,no_hash_commit
web/http/reference/status/101,no_hash_commit
web/http/reference/status/103,no_hash_commit
web/http/reference/status/200,no_hash_commit
web/http/reference/status/201,no_hash_commit
web/http/reference/status/202,no_hash_commit
web/http/reference/status/203,no_hash_commit
web/http/reference/status/204,no_hash_commit
web/http/reference/status/205,no_hash_commit
web/http/reference/status/206,no_hash_commit
web/http/reference/status/300,no_hash_commit
web/http/reference/status/301,no_hash_commit
web/http/reference/status/302,no_hash_commit
web/http/reference/status/303,no_hash_commit
web/http/reference/status/304,no_hash_commit
web/http/reference/status/307,no_hash_commit
web/http/reference/status/308,no_hash_commit
web/http/reference/status/400,no_hash_commit
web/http/reference/status/401,no_hash_commit
web/http/reference/status/402,no_hash_commit
web/http/reference/status/403,no_hash_commit
web/http/reference/status/404,no_hash_commit
web/http/reference/status/405,no_hash_commit
web/http/reference/status/406,no_hash_commit
web/http/reference/status/407,no_hash_commit
web/http/reference/status/408,no_hash_commit
web/http/reference/status/409,no_hash_commit
web/http/reference/status/410,no_hash_commit
web/http/reference/status/411,no_hash_commit
web/http/reference/status/412,no_hash_commit
web/http/reference/status/413,no_hash_commit
web/http/reference/status/414,no_hash_commit
web/http/reference/status/415,no_hash_commit
web/http/reference/status/416,no_hash_commit
web/http/reference/status/417,no_hash_commit
web/http/reference/status/418,no_hash_commit
web/http/reference/status/422,no_hash_commit
web/http/reference/status/425,no_hash_commit
web/http/reference/status/426,no_hash_commit
web/http/reference/status/428,no_hash_commit
web/http/reference/status/429,no_hash_commit
web/http/reference/status/431,no_hash_commit
web/http/reference/status/451,no_hash_commit
web/http/reference/status/500,no_hash_commit
web/http/reference/status/501,no_hash_commit
web/http/reference/status/502,no_hash_commit
web/http/reference/status/503,no_hash_commit
web/http/reference/status/504,no_hash_commit
web/http/reference/status/505,no_hash_commit
web/http/reference/status/506,no_hash_commit
web/http/reference/status/507,no_hash_commit
web/http/reference/status/508,no_hash_commit
web/http/reference/status/510,no_hash_commit
web/http/reference/status/511,no_hash_commit
web/http/reference/status,no_hash_commit
web,no_hash_commit
web/javascript/guide/closures,no_hash_commit
web/javascript/guide/control_flow_and_error_handling,no_hash_commit
web/javascript/guide/data_structures,no_hash_commit
web/javascript/guide/enumerability_and_ownership_of_properties,no_hash_commit
web/javascript/guide/equality_comparisons_and_sameness,no_hash_commit
web/javascript/guide/expressions_and_operators,no_hash_commit
web/javascript/guide/functions,no_hash_commit
web/javascript/guide/grammar_and_types,no_hash_commit
web/javascript/guide,no_hash_commit
web/javascript/guide/indexed_collections,no_hash_commit
web/javascript/guide/inheritance_and_the_prototype_chain,no_hash_commit
web/javascript/guide/introduction,no_hash_commit
web/javascript/guide/iterators_and_generators,no_hash_commit
web/javascript/guide/keyed_collections,no_hash_commit
web/javascript/guide/language_overview,no_hash_commit
web/javascript/guide/loops_and_iteration,no_hash_commit
web/javascript/guide/memory_management,no_hash_commit
web/javascript/guide/meta_programming,no_hash_commit
web/javascript/guide/modules,no_hash_commit
web/javascript/guide/numbers_and_strings,no_hash_commit
web/javascript/guide/regular_expressions,no_hash_commit
web/javascript/guide/typed_arrays,no_hash_commit
web/javascript/guide/using_promises,no_hash_commit
web/javascript/guide/working_with_objects,no_hash_commit
web/javascript,no_hash_commit
web/javascript/reference/classes/constructor,no_hash_commit
web/javascript/reference/classes/extends,no_hash_commit
web/javascript/reference/classes,no_hash_commit
web/javascript/reference/classes/static,no_hash_commit
web/javascript/reference/deprecated_and_obsolete_features,no_hash_commit
web/javascript/reference/errors/already_has_pragma,no_hash_commit
web/javascript/reference/errors/array_sort_argument,no_hash_commit
web/javascript/reference/errors/bad_regexp_flag,no_hash_commit
web/javascript/reference/errors/cant_access_lexical_declaration_before_init,no_hash_commit
web/javascript/reference/errors/cant_assign_to_property,no_hash_commit
web/javascript/reference/errors/cant_define_property_object_not_extensible,no_hash_commit
web/javascript/reference/errors/cant_delete,no_hash_commit
web/javascript/reference/errors/cant_redefine_property,no_hash_commit
web/javascript/reference/errors/getter_only,no_hash_commit
web/javascript/reference/errors/illegal_character,no_hash_commit
web/javascript/reference/errors,no_hash_commit
web/javascript/reference/errors/invalid_array_length,no_hash_commit
web/javascript/reference/errors/invalid_assignment_left-hand_side,no_hash_commit
web/javascript/reference/errors/invalid_const_assignment,no_hash_commit
web/javascript/reference/errors/invalid_date,no_hash_commit
web/javascript/reference/errors/invalid_for-in_initializer,no_hash_commit
web/javascript/reference/errors/invalid_for-of_initializer,no_hash_commit
web/javascript/reference/errors/json_bad_parse,no_hash_commit
web/javascript/reference/errors/missing_colon_after_property_id,no_hash_commit
web/javascript/reference/errors/missing_curly_after_property_list,no_hash_commit
web/javascript/reference/errors/missing_formal_parameter,no_hash_commit
web/javascript/reference/errors/missing_parenthesis_after_argument_list,no_hash_commit
web/javascript/reference/errors/negative_repetition_count,no_hash_commit
web/javascript/reference/errors/no_variable_name,no_hash_commit
web/javascript/reference/errors/not_a_function,no_hash_commit
web/javascript/reference/errors/not_a_valid_code_point,no_hash_commit
web/javascript/reference/errors/not_defined,no_hash_commit
web/javascript/reference/errors/precision_range,no_hash_commit
web/javascript/reference/errors/property_access_denied,no_hash_commit
web/javascript/reference/errors/read-only,no_hash_commit
web/javascript/reference/errors/redeclared_parameter,no_hash_commit
web/javascript/reference/errors/stmt_after_return,no_hash_commit
web/javascript/reference/errors/string_literal_eol,no_hash_commit
web/javascript/reference/errors/too_much_recursion,no_hash_commit
web/javascript/reference/errors/undeclared_var,no_hash_commit
web/javascript/reference/errors/unexpected_token,no_hash_commit
web/javascript/reference/errors/unexpected_type,no_hash_commit
web/javascript/reference/errors/unnamed_function_statement,no_hash_commit
web/javascript/reference/execution_model,no_hash_commit
web/javascript/reference/functions/arguments,no_hash_commit
web/javascript/reference/functions/arrow_functions,no_hash_commit
web/javascript/reference/functions/default_parameters,no_hash_commit
web/javascript/reference/functions/get,no_hash_commit
web/javascript/reference/functions,no_hash_commit
web/javascript/reference/functions/method_definitions,no_hash_commit
web/javascript/reference/functions/rest_parameters,no_hash_commit
web/javascript/reference/functions/set,no_hash_commit
web/javascript/reference/global_objects/array/at,no_hash_commit
web/javascript/reference/global_objects/array/concat,no_hash_commit
web/javascript/reference/global_objects/array/copywithin,no_hash_commit
web/javascript/reference/global_objects/array/entries,no_hash_commit
web/javascript/reference/global_objects/array/every,no_hash_commit
web/javascript/reference/global_objects/array/fill,no_hash_commit
web/javascript/reference/global_objects/array/filter,no_hash_commit
web/javascript/reference/global_objects/array/find,no_hash_commit
web/javascript/reference/global_objects/array/findindex,no_hash_commit
web/javascript/reference/global_objects/array/flat,no_hash_commit
web/javascript/reference/global_objects/array/flatmap,no_hash_commit
web/javascript/reference/global_objects/array/foreach,no_hash_commit
web/javascript/reference/global_objects/array/from,no_hash_commit
web/javascript/reference/global_objects/array/includes,no_hash_commit
web/javascript/reference/global_objects/array,no_hash_commit
web/javascript/reference/global_objects/array/indexof,no_hash_commit
web/javascript/reference/global_objects/array/isarray,no_hash_commit
web/javascript/reference/global_objects/array/join,no_hash_commit
web/javascript/reference/global_objects/array/keys,no_hash_commit
web/javascript/reference/global_objects/array/lastindexof,no_hash_commit
web/javascript/reference/global_objects/array/length,no_hash_commit
web/javascript/reference/global_objects/array/map,no_hash_commit
web/javascript/reference/global_objects/array/of,no_hash_commit
web/javascript/reference/global_objects/array/pop,no_hash_commit
web/javascript/reference/global_objects/array/push,no_hash_commit
web/javascript/reference/global_objects/array/reduce,no_hash_commit
web/javascript/reference/global_objects/array/reduceright,no_hash_commit
web/javascript/reference/global_objects/array/reverse,no_hash_commit
web/javascript/reference/global_objects/array/shift,no_hash_commit
web/javascript/reference/global_objects/array/slice,no_hash_commit
web/javascript/reference/global_objects/array/some,no_hash_commit
web/javascript/reference/global_objects/array/sort,no_hash_commit
web/javascript/reference/global_objects/array/splice,no_hash_commit
web/javascript/reference/global_objects/array/symbol.iterator,no_hash_commit
web/javascript/reference/global_objects/array/symbol.unscopables,no_hash_commit
web/javascript/reference/global_objects/array/tolocalestring,no_hash_commit
web/javascript/reference/global_objects/array/tostring,no_hash_commit
web/javascript/reference/global_objects/array/unshift,no_hash_commit
web/javascript/reference/global_objects/array/values,no_hash_commit
web/javascript/reference/global_objects/arraybuffer,no_hash_commit
web/javascript/reference/global_objects/asyncfunction,no_hash_commit
web/javascript/reference/global_objects/atomics/add,no_hash_commit
web/javascript/reference/global_objects/atomics,no_hash_commit
web/javascript/reference/global_objects/bigint,no_hash_commit
web/javascript/reference/global_objects/boolean,no_hash_commit
web/javascript/reference/global_objects/boolean/tostring,no_hash_commit
web/javascript/reference/global_objects/boolean/valueof,no_hash_commit
web/javascript/reference/global_objects/dataview,no_hash_commit
web/javascript/reference/global_objects/date/getdate,no_hash_commit
web/javascript/reference/global_objects/date/getday,no_hash_commit
web/javascript/reference/global_objects/date/getfullyear,no_hash_commit
web/javascript/reference/global_objects/date/gethours,no_hash_commit
web/javascript/reference/global_objects/date/getmilliseconds,no_hash_commit
web/javascript/reference/global_objects/date/getminutes,no_hash_commit
web/javascript/reference/global_objects/date/getmonth,no_hash_commit
web/javascript/reference/global_objects/date/getseconds,no_hash_commit
web/javascript/reference/global_objects/date/gettime,no_hash_commit
web/javascript/reference/global_objects/date/gettimezoneoffset,no_hash_commit
web/javascript/reference/global_objects/date/getutcdate,no_hash_commit
web/javascript/reference/global_objects/date/getutcday,no_hash_commit
web/javascript/reference/global_objects/date/getutcfullyear,no_hash_commit
web/javascript/reference/global_objects/date/getutchours,no_hash_commit
web/javascript/reference/global_objects/date/getutcmilliseconds,no_hash_commit
web/javascript/reference/global_objects/date/getutcminutes,no_hash_commit
web/javascript/reference/global_objects/date/getutcmonth,no_hash_commit
web/javascript/reference/global_objects/date/getutcseconds,no_hash_commit
web/javascript/reference/global_objects/date/getyear,no_hash_commit
web/javascript/reference/global_objects/date,no_hash_commit
web/javascript/reference/global_objects/date/now,no_hash_commit
web/javascript/reference/global_objects/date/parse,no_hash_commit
web/javascript/reference/global_objects/date/setdate,no_hash_commit
web/javascript/reference/global_objects/date/setfullyear,no_hash_commit
web/javascript/reference/global_objects/date/sethours,no_hash_commit
web/javascript/reference/global_objects/date/setmilliseconds,no_hash_commit
web/javascript/reference/global_objects/date/setminutes,no_hash_commit
web/javascript/reference/global_objects/date/setmonth,no_hash_commit
web/javascript/reference/global_objects/date/setseconds,no_hash_commit
web/javascript/reference/global_objects/date/settime,no_hash_commit
web/javascript/reference/global_objects/date/setutcdate,no_hash_commit
web/javascript/reference/global_objects/date/setutcfullyear,no_hash_commit
web/javascript/reference/global_objects/date/setutchours,no_hash_commit
web/javascript/reference/global_objects/date/setutcmilliseconds,no_hash_commit
web/javascript/reference/global_objects/date/setutcminutes,no_hash_commit
web/javascript/reference/global_objects/date/setutcmonth,no_hash_commit
web/javascript/reference/global_objects/date/setutcseconds,no_hash_commit
web/javascript/reference/global_objects/date/setyear,no_hash_commit
web/javascript/reference/global_objects/date/symbol.toprimitive,no_hash_commit
web/javascript/reference/global_objects/date/todatestring,no_hash_commit
web/javascript/reference/global_objects/date/toisostring,no_hash_commit
web/javascript/reference/global_objects/date/tojson,no_hash_commit
web/javascript/reference/global_objects/date/tolocaledatestring,no_hash_commit
web/javascript/reference/global_objects/date/tolocaletimestring,no_hash_commit
web/javascript/reference/global_objects/date/tostring,no_hash_commit
web/javascript/reference/global_objects/date/totimestring,no_hash_commit
web/javascript/reference/global_objects/date/toutcstring,no_hash_commit
web/javascript/reference/global_objects/date/utc,no_hash_commit
web/javascript/reference/global_objects/date/valueof,no_hash_commit
web/javascript/reference/global_objects/decodeuri,no_hash_commit
web/javascript/reference/global_objects/decodeuricomponent,no_hash_commit
web/javascript/reference/global_objects/encodeuri,no_hash_commit
web/javascript/reference/global_objects/encodeuricomponent,no_hash_commit
web/javascript/reference/global_objects/error/cause,no_hash_commit
web/javascript/reference/global_objects/error,no_hash_commit
web/javascript/reference/global_objects/error/message,no_hash_commit
web/javascript/reference/global_objects/error/name,no_hash_commit
web/javascript/reference/global_objects/error/tostring,no_hash_commit
web/javascript/reference/global_objects/escape,no_hash_commit
web/javascript/reference/global_objects/eval,no_hash_commit
web/javascript/reference/global_objects/evalerror,no_hash_commit
web/javascript/reference/global_objects/float32array,no_hash_commit
web/javascript/reference/global_objects/function/apply,no_hash_commit
web/javascript/reference/global_objects/function/arguments,no_hash_commit
web/javascript/reference/global_objects/function/bind,no_hash_commit
web/javascript/reference/global_objects/function/call,no_hash_commit
web/javascript/reference/global_objects/function/caller,no_hash_commit
web/javascript/reference/global_objects/function/displayname,no_hash_commit
web/javascript/reference/global_objects/function,no_hash_commit
web/javascript/reference/global_objects/function/length,no_hash_commit
web/javascript/reference/global_objects/function/name,no_hash_commit
web/javascript/reference/global_objects/function/tostring,no_hash_commit
web/javascript/reference/global_objects/generator,no_hash_commit
web/javascript/reference/global_objects/globalthis,no_hash_commit
web/javascript/reference/global_objects,no_hash_commit
web/javascript/reference/global_objects/infinity,no_hash_commit
web/javascript/reference/global_objects/int16array,no_hash_commit
web/javascript/reference/global_objects/internalerror,no_hash_commit
web/javascript/reference/global_objects/intl/collator,no_hash_commit
web/javascript/reference/global_objects/intl,no_hash_commit
web/javascript/reference/global_objects/intl/listformat,no_hash_commit
web/javascript/reference/global_objects/intl/listformat/listformat,no_hash_commit
web/javascript/reference/global_objects/intl/numberformat,no_hash_commit
web/javascript/reference/global_objects/intl/relativetimeformat,no_hash_commit
web/javascript/reference/global_objects/isfinite,no_hash_commit
web/javascript/reference/global_objects/isnan,no_hash_commit
web/javascript/reference/global_objects/json,no_hash_commit
web/javascript/reference/global_objects/json/parse,no_hash_commit
web/javascript/reference/global_objects/json/stringify,no_hash_commit
web/javascript/reference/global_objects/map/clear,no_hash_commit
web/javascript/reference/global_objects/map/delete,no_hash_commit
web/javascript/reference/global_objects/map/entries,no_hash_commit
web/javascript/reference/global_objects/map/foreach,no_hash_commit
web/javascript/reference/global_objects/map/get,no_hash_commit
web/javascript/reference/global_objects/map/has,no_hash_commit
web/javascript/reference/global_objects/map,no_hash_commit
web/javascript/reference/global_objects/map/keys,no_hash_commit
web/javascript/reference/global_objects/map/map,no_hash_commit
web/javascript/reference/global_objects/map/set,no_hash_commit
web/javascript/reference/global_objects/map/size,no_hash_commit
web/javascript/reference/global_objects/map/symbol.iterator,no_hash_commit
web/javascript/reference/global_objects/map/symbol.species,no_hash_commit
web/javascript/reference/global_objects/map/values,no_hash_commit
web/javascript/reference/global_objects/math/abs,no_hash_commit
web/javascript/reference/global_objects/math/acos,no_hash_commit
web/javascript/reference/global_objects/math/acosh,no_hash_commit
web/javascript/reference/global_objects/math/asin,no_hash_commit
web/javascript/reference/global_objects/math/asinh,no_hash_commit
web/javascript/reference/global_objects/math/atan,no_hash_commit
web/javascript/reference/global_objects/math/atan2,no_hash_commit
web/javascript/reference/global_objects/math/atanh,no_hash_commit
web/javascript/reference/global_objects/math/cbrt,no_hash_commit
web/javascript/reference/global_objects/math/ceil,no_hash_commit
web/javascript/reference/global_objects/math/clz32,no_hash_commit
web/javascript/reference/global_objects/math/cos,no_hash_commit
web/javascript/reference/global_objects/math/cosh,no_hash_commit
web/javascript/reference/global_objects/math/e,no_hash_commit
web/javascript/reference/global_objects/math/exp,no_hash_commit
web/javascript/reference/global_objects/math/expm1,no_hash_commit
web/javascript/reference/global_objects/math/floor,no_hash_commit
web/javascript/reference/global_objects/math/hypot,no_hash_commit
web/javascript/reference/global_objects/math,no_hash_commit
web/javascript/reference/global_objects/math/ln10,no_hash_commit
web/javascript/reference/global_objects/math/ln2,no_hash_commit
web/javascript/reference/global_objects/math/log,no_hash_commit
web/javascript/reference/global_objects/math/log10,no_hash_commit
web/javascript/reference/global_objects/math/log10e,no_hash_commit
web/javascript/reference/global_objects/math/log1p,no_hash_commit
web/javascript/reference/global_objects/math/log2,no_hash_commit
web/javascript/reference/global_objects/math/log2e,no_hash_commit
web/javascript/reference/global_objects/math/max,no_hash_commit
web/javascript/reference/global_objects/math/min,no_hash_commit
web/javascript/reference/global_objects/math/pi,no_hash_commit
web/javascript/reference/global_objects/math/pow,no_hash_commit
web/javascript/reference/global_objects/math/random,no_hash_commit
web/javascript/reference/global_objects/math/round,no_hash_commit
web/javascript/reference/global_objects/math/sign,no_hash_commit
web/javascript/reference/global_objects/math/sin,no_hash_commit
web/javascript/reference/global_objects/math/sinh,no_hash_commit
web/javascript/reference/global_objects/math/sqrt,no_hash_commit
web/javascript/reference/global_objects/math/sqrt1_2,no_hash_commit
web/javascript/reference/global_objects/math/sqrt2,no_hash_commit
web/javascript/reference/global_objects/math/tan,no_hash_commit
web/javascript/reference/global_objects/math/tanh,no_hash_commit
web/javascript/reference/global_objects/math/trunc,no_hash_commit
web/javascript/reference/global_objects/nan,no_hash_commit
web/javascript/reference/global_objects/number/epsilon,no_hash_commit
web/javascript/reference/global_objects/number,no_hash_commit
web/javascript/reference/global_objects/number/isfinite,no_hash_commit
web/javascript/reference/global_objects/number/isinteger,no_hash_commit
web/javascript/reference/global_objects/number/isnan,no_hash_commit
web/javascript/reference/global_objects/number/issafeinteger,no_hash_commit
web/javascript/reference/global_objects/number/max_safe_integer,no_hash_commit
web/javascript/reference/global_objects/number/max_value,no_hash_commit
web/javascript/reference/global_objects/number/min_safe_integer,no_hash_commit
web/javascript/reference/global_objects/number/min_value,no_hash_commit
web/javascript/reference/global_objects/number/nan,no_hash_commit
web/javascript/reference/global_objects/number/negative_infinity,no_hash_commit
web/javascript/reference/global_objects/number/parsefloat,no_hash_commit
web/javascript/reference/global_objects/number/parseint,no_hash_commit
web/javascript/reference/global_objects/number/positive_infinity,no_hash_commit
web/javascript/reference/global_objects/number/tofixed,no_hash_commit
web/javascript/reference/global_objects/number/tolocalestring,no_hash_commit
web/javascript/reference/global_objects/number/toprecision,no_hash_commit
web/javascript/reference/global_objects/number/tostring,no_hash_commit
web/javascript/reference/global_objects/number/valueof,no_hash_commit
web/javascript/reference/global_objects/object/__definegetter__,no_hash_commit
web/javascript/reference/global_objects/object/__definesetter__,no_hash_commit
web/javascript/reference/global_objects/object/__lookupgetter__,no_hash_commit
web/javascript/reference/global_objects/object/__lookupsetter__,no_hash_commit
web/javascript/reference/global_objects/object/assign,no_hash_commit
web/javascript/reference/global_objects/object/constructor,no_hash_commit
web/javascript/reference/global_objects/object/create,no_hash_commit
web/javascript/reference/global_objects/object/defineproperties,no_hash_commit
web/javascript/reference/global_objects/object/defineproperty,no_hash_commit
web/javascript/reference/global_objects/object/entries,no_hash_commit
web/javascript/reference/global_objects/object/freeze,no_hash_commit
web/javascript/reference/global_objects/object/fromentries,no_hash_commit
web/javascript/reference/global_objects/object/getownpropertydescriptor,no_hash_commit
web/javascript/reference/global_objects/object/getownpropertydescriptors,no_hash_commit
web/javascript/reference/global_objects/object/getownpropertynames,no_hash_commit
web/javascript/reference/global_objects/object/getownpropertysymbols,no_hash_commit
web/javascript/reference/global_objects/object/getprototypeof,no_hash_commit
web/javascript/reference/global_objects/object/hasown,no_hash_commit
web/javascript/reference/global_objects/object/hasownproperty,no_hash_commit
web/javascript/reference/global_objects/object,no_hash_commit
web/javascript/reference/global_objects/object/is,no_hash_commit
web/javascript/reference/global_objects/object/isextensible,no_hash_commit
web/javascript/reference/global_objects/object/isfrozen,no_hash_commit
web/javascript/reference/global_objects/object/isprototypeof,no_hash_commit
web/javascript/reference/global_objects/object/issealed,no_hash_commit
web/javascript/reference/global_objects/object/keys,no_hash_commit
web/javascript/reference/global_objects/object/preventextensions,no_hash_commit
web/javascript/reference/global_objects/object/propertyisenumerable,no_hash_commit
web/javascript/reference/global_objects/object/proto,no_hash_commit
web/javascript/reference/global_objects/object/seal,no_hash_commit
web/javascript/reference/global_objects/object/setprototypeof,no_hash_commit
web/javascript/reference/global_objects/object/tolocalestring,no_hash_commit
web/javascript/reference/global_objects/object/tostring,no_hash_commit
web/javascript/reference/global_objects/object/valueof,no_hash_commit
web/javascript/reference/global_objects/object/values,no_hash_commit
web/javascript/reference/global_objects/parsefloat,no_hash_commit
web/javascript/reference/global_objects/parseint,no_hash_commit
web/javascript/reference/global_objects/promise/all,no_hash_commit
web/javascript/reference/global_objects/promise/allsettled,no_hash_commit
web/javascript/reference/global_objects/promise/catch,no_hash_commit
web/javascript/reference/global_objects/promise/finally,no_hash_commit
web/javascript/reference/global_objects/promise,no_hash_commit
web/javascript/reference/global_objects/promise/race,no_hash_commit
web/javascript/reference/global_objects/promise/reject,no_hash_commit
web/javascript/reference/global_objects/promise/resolve,no_hash_commit
web/javascript/reference/global_objects/promise/then,no_hash_commit
web/javascript/reference/global_objects/proxy,no_hash_commit
web/javascript/reference/global_objects/referenceerror,no_hash_commit
web/javascript/reference/global_objects/reflect/apply,no_hash_commit
web/javascript/reference/global_objects/reflect/construct,no_hash_commit
web/javascript/reference/global_objects/reflect/defineproperty,no_hash_commit
web/javascript/reference/global_objects/reflect,no_hash_commit
web/javascript/reference/global_objects/reflect/set,no_hash_commit
web/javascript/reference/global_objects/regexp/compile,no_hash_commit
web/javascript/reference/global_objects/regexp/exec,no_hash_commit
web/javascript/reference/global_objects/regexp/ignorecase,no_hash_commit
web/javascript/reference/global_objects/regexp,no_hash_commit
web/javascript/reference/global_objects/regexp/sticky,no_hash_commit
web/javascript/reference/global_objects/regexp/test,no_hash_commit
web/javascript/reference/global_objects/regexp/tostring,no_hash_commit
web/javascript/reference/global_objects/set/add,no_hash_commit
web/javascript/reference/global_objects/set/clear,no_hash_commit
web/javascript/reference/global_objects/set/delete,no_hash_commit
web/javascript/reference/global_objects/set/entries,no_hash_commit
web/javascript/reference/global_objects/set/has,no_hash_commit
web/javascript/reference/global_objects/set,no_hash_commit
web/javascript/reference/global_objects/set/values,no_hash_commit
web/javascript/reference/global_objects/string/anchor,no_hash_commit
web/javascript/reference/global_objects/string/big,no_hash_commit
web/javascript/reference/global_objects/string/blink,no_hash_commit
web/javascript/reference/global_objects/string/bold,no_hash_commit
web/javascript/reference/global_objects/string/charat,no_hash_commit
web/javascript/reference/global_objects/string/charcodeat,no_hash_commit
web/javascript/reference/global_objects/string/codepointat,no_hash_commit
web/javascript/reference/global_objects/string/concat,no_hash_commit
web/javascript/reference/global_objects/string/endswith,no_hash_commit
web/javascript/reference/global_objects/string/fixed,no_hash_commit
web/javascript/reference/global_objects/string/fontcolor,no_hash_commit
web/javascript/reference/global_objects/string/fontsize,no_hash_commit
web/javascript/reference/global_objects/string/fromcharcode,no_hash_commit
web/javascript/reference/global_objects/string/fromcodepoint,no_hash_commit
web/javascript/reference/global_objects/string/includes,no_hash_commit
web/javascript/reference/global_objects/string,no_hash_commit
web/javascript/reference/global_objects/string/indexof,no_hash_commit
web/javascript/reference/global_objects/string/italics,no_hash_commit
web/javascript/reference/global_objects/string/lastindexof,no_hash_commit
web/javascript/reference/global_objects/string/length,no_hash_commit
web/javascript/reference/global_objects/string/link,no_hash_commit
web/javascript/reference/global_objects/string/localecompare,no_hash_commit
web/javascript/reference/global_objects/string/match,no_hash_commit
web/javascript/reference/global_objects/string/matchall,no_hash_commit
web/javascript/reference/global_objects/string/normalize,no_hash_commit
web/javascript/reference/global_objects/string/padend,no_hash_commit
web/javascript/reference/global_objects/string/padstart,no_hash_commit
web/javascript/reference/global_objects/string/raw,no_hash_commit
web/javascript/reference/global_objects/string/repeat,no_hash_commit
web/javascript/reference/global_objects/string/replace,no_hash_commit
web/javascript/reference/global_objects/string/replaceall,no_hash_commit
web/javascript/reference/global_objects/string/search,no_hash_commit
web/javascript/reference/global_objects/string/slice,no_hash_commit
web/javascript/reference/global_objects/string/small,no_hash_commit
web/javascript/reference/global_objects/string/split,no_hash_commit
web/javascript/reference/global_objects/string/startswith,no_hash_commit
web/javascript/reference/global_objects/string/strike,no_hash_commit
web/javascript/reference/global_objects/string/sub,no_hash_commit
web/javascript/reference/global_objects/string/substr,no_hash_commit
web/javascript/reference/global_objects/string/substring,no_hash_commit
web/javascript/reference/global_objects/string/sup,no_hash_commit
web/javascript/reference/global_objects/string/symbol.iterator,no_hash_commit
web/javascript/reference/global_objects/string/tolocalelowercase,no_hash_commit
web/javascript/reference/global_objects/string/tolocaleuppercase,no_hash_commit
web/javascript/reference/global_objects/string/tolowercase,no_hash_commit
web/javascript/reference/global_objects/string/tostring,no_hash_commit
web/javascript/reference/global_objects/string/touppercase,no_hash_commit
web/javascript/reference/global_objects/string/trim,no_hash_commit
web/javascript/reference/global_objects/string/trimend,no_hash_commit
web/javascript/reference/global_objects/string/trimstart,no_hash_commit
web/javascript/reference/global_objects/string/valueof,no_hash_commit
web/javascript/reference/global_objects/symbol/asynciterator,no_hash_commit
web/javascript/reference/global_objects/symbol/description,no_hash_commit
web/javascript/reference/global_objects/symbol/hasinstance,no_hash_commit
web/javascript/reference/global_objects/symbol,no_hash_commit
web/javascript/reference/global_objects/symbol/isconcatspreadable,no_hash_commit
web/javascript/reference/global_objects/symbol/iterator,no_hash_commit
web/javascript/reference/global_objects/symbol/match,no_hash_commit
web/javascript/reference/global_objects/symbol/matchall,no_hash_commit
web/javascript/reference/global_objects/symbol/replace,no_hash_commit
web/javascript/reference/global_objects/symbol/search,no_hash_commit
web/javascript/reference/global_objects/symbol/species,no_hash_commit
web/javascript/reference/global_objects/symbol/split,no_hash_commit
web/javascript/reference/global_objects/symbol/toprimitive,no_hash_commit
web/javascript/reference/global_objects/symbol/tostringtag,no_hash_commit
web/javascript/reference/global_objects/symbol/unscopables,no_hash_commit
web/javascript/reference/global_objects/typedarray/sort,no_hash_commit
web/javascript/reference/global_objects/typeerror,no_hash_commit
web/javascript/reference/global_objects/undefined,no_hash_commit
web/javascript/reference/global_objects/unescape,no_hash_commit
web/javascript/reference/global_objects/weakmap/delete,no_hash_commit
web/javascript/reference/global_objects/weakmap/get,no_hash_commit
web/javascript/reference/global_objects/weakmap/has,no_hash_commit
web/javascript/reference/global_objects/weakmap,no_hash_commit
web/javascript/reference/global_objects/weakmap/set,no_hash_commit
web/javascript/reference/global_objects/weakset,no_hash_commit
web/javascript/reference,no_hash_commit
web/javascript/reference/iteration_protocols,no_hash_commit
web/javascript/reference/javascript_technologies_overview,no_hash_commit
web/javascript/reference/lexical_grammar,no_hash_commit
web/javascript/reference/operators/addition,no_hash_commit
web/javascript/reference/operators/async_function,no_hash_commit
web/javascript/reference/operators/await,no_hash_commit
web/javascript/reference/operators/bitwise_and,no_hash_commit
web/javascript/reference/operators/bitwise_xor,no_hash_commit
web/javascript/reference/operators/class,no_hash_commit
web/javascript/reference/operators/comma_operator,no_hash_commit
web/javascript/reference/operators/conditional_operator,no_hash_commit
web/javascript/reference/operators/destructuring,no_hash_commit
web/javascript/reference/operators/division,no_hash_commit
web/javascript/reference/operators/exponentiation,no_hash_commit
web/javascript/reference/operators/function,no_hash_commit
web/javascript/reference/operators/function_star_,no_hash_commit
web/javascript/reference/operators/grouping,no_hash_commit
web/javascript/reference/operators/import.meta,no_hash_commit
web/javascript/reference/operators/in,no_hash_commit
web/javascript/reference/operators,no_hash_commit
web/javascript/reference/operators/inequality,no_hash_commit
web/javascript/reference/operators/instanceof,no_hash_commit
web/javascript/reference/operators/logical_and,no_hash_commit
web/javascript/reference/operators/logical_not,no_hash_commit
web/javascript/reference/operators/new.target,no_hash_commit
web/javascript/reference/operators/new,no_hash_commit
web/javascript/reference/operators/null,no_hash_commit
web/javascript/reference/operators/nullish_coalescing,no_hash_commit
web/javascript/reference/operators/object_initializer,no_hash_commit
web/javascript/reference/operators/operator_precedence,no_hash_commit
web/javascript/reference/operators/optional_chaining,no_hash_commit
web/javascript/reference/operators/property_accessors,no_hash_commit
web/javascript/reference/operators/spread_syntax,no_hash_commit
web/javascript/reference/operators/subtraction,no_hash_commit
web/javascript/reference/operators/super,no_hash_commit
web/javascript/reference/operators/this,no_hash_commit
web/javascript/reference/operators/typeof,no_hash_commit
web/javascript/reference/operators/void,no_hash_commit
web/javascript/reference/operators/yield,no_hash_commit
web/javascript/reference/operators/yield_star_,no_hash_commit
web/javascript/reference/regular_expressions/unicode_character_class_escape,no_hash_commit
web/javascript/reference/statements/async_function,no_hash_commit
web/javascript/reference/statements/block,no_hash_commit
web/javascript/reference/statements/break,no_hash_commit
web/javascript/reference/statements/class,no_hash_commit
web/javascript/reference/statements/const,no_hash_commit
web/javascript/reference/statements/continue,no_hash_commit
web/javascript/reference/statements/debugger,no_hash_commit
web/javascript/reference/statements/do...while,no_hash_commit
web/javascript/reference/statements/empty,no_hash_commit
web/javascript/reference/statements/export,no_hash_commit
web/javascript/reference/statements/for-await...of,no_hash_commit
web/javascript/reference/statements/for...in,no_hash_commit
web/javascript/reference/statements/for...of,no_hash_commit
web/javascript/reference/statements/for,no_hash_commit
web/javascript/reference/statements/function,no_hash_commit
web/javascript/reference/statements/function_star_,no_hash_commit
web/javascript/reference/statements/if...else,no_hash_commit
web/javascript/reference/statements/import,no_hash_commit
web/javascript/reference/statements,no_hash_commit
web/javascript/reference/statements/label,no_hash_commit
web/javascript/reference/statements/let,no_hash_commit
web/javascript/reference/statements/return,no_hash_commit
web/javascript/reference/statements/switch,no_hash_commit
web/javascript/reference/statements/throw,no_hash_commit
web/javascript/reference/statements/try...catch,no_hash_commit
web/javascript/reference/statements/var,no_hash_commit
web/javascript/reference/statements/while,no_hash_commit
web/javascript/reference/statements/with,no_hash_commit
web/javascript/reference/strict_mode,no_hash_commit
web/javascript/reference/template_literals,no_hash_commit
web/javascript/reference/trailing_commas,no_hash_commit
web/mathml/guides,no_hash_commit
web/mathml,no_hash_commit
web/mathml/reference/element,no_hash_commit
web/media/guides/formats,no_hash_commit
web/performance,no_hash_commit
web/progressive_web_apps,835d6632d59993861a0458510402787f8a2c3cb3
web/progressive_web_apps/manifest,no_hash_commit
web/progressive_web_apps/tutorials/js13kgames,no_hash_commit
web/security,no_hash_commit
web/security/practical_implementation_guides,no_hash_commit
web/security/practical_implementation_guides/turning_off_form_autocompletion,no_hash_commit
web/svg/applying_svg_effects_to_html_content,no_hash_commit
web/svg/attribute/class,no_hash_commit
web/svg/attribute/fill,no_hash_commit
web/svg/attribute,no_hash_commit
web/svg/attribute/keytimes,no_hash_commit
web/svg/attribute/preserveaspectratio,no_hash_commit
web/svg/attribute/stroke-dashoffset,no_hash_commit
web/svg/attribute/style,no_hash_commit
web/svg/attribute/width,no_hash_commit
web/svg/content_type,no_hash_commit
web/svg/element/a,no_hash_commit
web/svg/element/animate,no_hash_commit
web/svg/element/animatemotion,no_hash_commit
web/svg/element/animatetransform,no_hash_commit
web/svg/element/circle,no_hash_commit
web/svg/element/defs,no_hash_commit
web/svg/element/desc,no_hash_commit
web/svg/element/ellipse,no_hash_commit
web/svg/element/filter,no_hash_commit
web/svg/element/g,no_hash_commit
web/svg/element/glyph,no_hash_commit
web/svg/element/glyphref,no_hash_commit
web/svg/element/hkern,no_hash_commit
web/svg/element/image,no_hash_commit
web/svg/element,no_hash_commit
web/svg/element/line,no_hash_commit
web/svg/element/lineargradient,no_hash_commit
web/svg/element/marker,no_hash_commit
web/svg/element/mask,no_hash_commit
web/svg/element/metadata,no_hash_commit
web/svg/element/missing-glyph,no_hash_commit
web/svg/element/mpath,no_hash_commit
web/svg/element/path,no_hash_commit
web/svg/element/pattern,no_hash_commit
web/svg/element/polygon,no_hash_commit
web/svg/element/polyline,no_hash_commit
web/svg/element/radialgradient,no_hash_commit
web/svg/element/rect,no_hash_commit
web/svg/element/script,no_hash_commit
web/svg/element/set,no_hash_commit
web/svg/element/stop,no_hash_commit
web/svg/element/style,no_hash_commit
web/svg/element/svg,no_hash_commit
web/svg/element/switch,no_hash_commit
web/svg/element/symbol,no_hash_commit
web/svg/element/text,no_hash_commit
web/svg/element/textpath,no_hash_commit
web/svg/element/title,no_hash_commit
web/svg/element/tref,no_hash_commit
web/svg/element/tspan,no_hash_commit
web/svg/element/use,no_hash_commit
web/svg/element/view,no_hash_commit
web/svg/element/vkern,no_hash_commit
web/svg,no_hash_commit
web/svg/namespaces_crash_course,no_hash_commit
web/svg/tutorial/getting_started,no_hash_commit
web/svg/tutorial,no_hash_commit
web/svg/tutorial/introduction,no_hash_commit
web/svg/tutorial/positions,no_hash_commit
webassembly/guides/c_to_wasm,no_hash_commit
webassembly/guides/concepts,no_hash_commit
webassembly/guides/understanding_the_text_format,no_hash_commit
webassembly/guides/using_the_javascript_api,no_hash_commit
webassembly,no_hash_commit
