Path,SourceCommit,LastModified
games,f9e87cf7d09830e097a2aadb5e507eb12c9a4514,2026-03-21T18:05:01Z
games/introduction,d9e11f88996e97a259d2ec47f47a660062c12c4f,2026-03-21T18:05:01Z
games/tutorials/2d_breakout_game_pure_javascript/bounce_off_the_walls,14acf1aa7885157debdf1b6111f4bd10c064ec60,2026-03-21T18:05:01Z
games/tutorials/2d_breakout_game_pure_javascript/create_the_canvas_and_draw_on_it,no_hash_commit,2026-03-21T18:05:01Z
games/tutorials/2d_breakout_game_pure_javascript,5b20f5f4265f988f80f513db0e4b35c7e0cd70dc,2026-03-21T18:05:01Z
games/tutorials/2d_breakout_game_pure_javascript/move_the_ball,no_hash_commit,2026-03-21T18:05:01Z
glossary/abstraction,7a551aaa034fbada3eb99e6fc924a0313b78307f,2026-03-21T18:05:01Z
glossary/accessibility,no_hash_commit,2026-03-21T18:05:01Z
glossary/adobe_flash,no_hash_commit,2026-03-21T18:05:01Z
glossary/ajax,no_hash_commit,2026-03-21T18:05:01Z
glossary/algorithm,93b34fcdb9cf91ff44f5dfe7f4dcd13e961962da,2026-03-21T18:05:01Z
glossary/api,702cd9e4d2834e13aea345943efc8d0c03d92ec9,2026-03-21T18:05:01Z
glossary/apple_safari,no_hash_commit,2026-03-21T18:05:01Z
glossary/argument,50e5edd07155de2eec2a8b6b2ad95820748cfec7,2026-03-21T18:05:01Z
glossary/aria,no_hash_commit,2026-03-21T18:05:01Z
glossary/arpa,no_hash_commit,2026-03-21T18:05:01Z
glossary/arpanet,no_hash_commit,2026-03-21T18:05:01Z
glossary/array,no_hash_commit,2026-03-21T18:05:01Z
glossary/ascii,no_hash_commit,2026-03-21T18:05:01Z
glossary/asynchronous,no_hash_commit,2026-03-21T18:05:01Z
glossary/atag,66de1f47585ccf1539d5c1cd2b051de7bc19f59d,2026-03-21T18:05:01Z
glossary/attribute,636b90011532e3fd2cf9333aaf1754fdc8de7938,2026-03-21T18:05:01Z
glossary/bandwidth,no_hash_commit,2026-03-21T18:05:01Z
glossary/base64,b75355e41772e6cae6543000d3c9fed21593b4d7,2026-03-21T18:05:01Z
glossary/blink,no_hash_commit,2026-03-21T18:05:01Z
glossary/block-level_content,no_hash_commit,2026-03-21T18:05:01Z
glossary/block/css,no_hash_commit,2026-03-21T18:05:01Z
glossary/boolean,no_hash_commit,2026-03-21T18:05:01Z
glossary/browser,no_hash_commit,2026-03-21T18:05:01Z
glossary/browsing_context,no_hash_commit,2026-03-21T18:05:01Z
glossary/buffer,no_hash_commit,2026-03-21T18:05:01Z
glossary/cache,no_hash_commit,2026-03-21T18:05:01Z
glossary/cacheable,no_hash_commit,2026-03-21T18:05:01Z
glossary/callback_function,no_hash_commit,2026-03-21T18:05:01Z
glossary/canvas,no_hash_commit,2026-03-21T18:05:01Z
glossary/cdn,no_hash_commit,2026-03-21T18:05:01Z
glossary/character,no_hash_commit,2026-03-21T18:05:01Z
glossary/character_encoding,no_hash_commit,2026-03-21T18:05:01Z
glossary/character_set,no_hash_commit,2026-03-21T18:05:01Z
glossary/chrome,no_hash_commit,2026-03-21T18:05:01Z
glossary/cipher_suite,no_hash_commit,2026-03-21T18:05:01Z
glossary/ciphertext,no_hash_commit,2026-03-21T18:05:01Z
glossary/class,no_hash_commit,2026-03-21T18:05:01Z
glossary/closure,no_hash_commit,2026-03-21T18:05:01Z
glossary/cms,no_hash_commit,2026-03-21T18:05:01Z
glossary/compile,no_hash_commit,2026-03-21T18:05:01Z
glossary/compile_time,no_hash_commit,2026-03-21T18:05:01Z
glossary/computer_programming,no_hash_commit,2026-03-21T18:05:01Z
glossary/constructor,no_hash_commit,2026-03-21T18:05:01Z
glossary/continuous_media,no_hash_commit,2026-03-21T18:05:01Z
glossary/cookie,no_hash_commit,2026-03-21T18:05:01Z
glossary/cors,no_hash_commit,2026-03-21T18:05:01Z
glossary/crawler,no_hash_commit,2026-03-21T18:05:01Z
glossary/crud,no_hash_commit,2026-03-21T18:05:01Z
glossary/cryptography,no_hash_commit,2026-03-21T18:05:01Z
glossary/csp,no_hash_commit,2026-03-21T18:05:01Z
glossary/csrf,no_hash_commit,2026-03-21T18:05:01Z
glossary/css,no_hash_commit,2026-03-21T18:05:01Z
glossary/css_pixel,no_hash_commit,2026-03-21T18:05:01Z
glossary/css_preprocessor,06e6e54baef7032c4e81ca93291fde0a0585de8b,2026-03-21T18:05:01Z
glossary/css_selector,no_hash_commit,2026-03-21T18:05:01Z
glossary/cssom,no_hash_commit,2026-03-21T18:05:01Z
glossary/data_structure,no_hash_commit,2026-03-21T18:05:01Z
glossary/denial_of_service,no_hash_commit,2026-03-21T18:05:01Z
glossary/developer_tools,no_hash_commit,2026-03-21T18:05:01Z
glossary/dns,no_hash_commit,2026-03-21T18:05:01Z
glossary/doctype,no_hash_commit,2026-03-21T18:05:01Z
glossary/document_directive,no_hash_commit,2026-03-21T18:05:01Z
glossary/dom,no_hash_commit,2026-03-21T18:05:01Z
glossary/domain,no_hash_commit,2026-03-21T18:05:01Z
glossary/domain_name,no_hash_commit,2026-03-21T18:05:01Z
glossary/ecma,no_hash_commit,2026-03-21T18:05:01Z
glossary/ecmascript,no_hash_commit,2026-03-21T18:05:01Z
glossary/element,no_hash_commit,2026-03-21T18:05:01Z
glossary/engine,no_hash_commit,2026-03-21T18:05:01Z
glossary/event,no_hash_commit,2026-03-21T18:05:01Z
glossary/firefox_os,no_hash_commit,2026-03-21T18:05:01Z
glossary/firewall,no_hash_commit,2026-03-21T18:05:01Z
glossary/first-class_function,no_hash_commit,2026-03-21T18:05:01Z
glossary/first_contentful_paint,no_hash_commit,2026-03-21T18:05:01Z
glossary/first_cpu_idle,no_hash_commit,2026-03-21T18:05:01Z
glossary/first_input_delay,no_hash_commit,2026-03-21T18:05:01Z
glossary/ftp,no_hash_commit,2026-03-21T18:05:01Z
glossary/git,no_hash_commit,2026-03-21T18:05:01Z
glossary/grid,no_hash_commit,2026-03-21T18:05:01Z
glossary/hash_function,no_hash_commit,2026-03-21T18:05:01Z
glossary/head,no_hash_commit,2026-03-21T18:05:01Z
glossary/hoisting,no_hash_commit,2026-03-21T18:05:01Z
glossary/host,no_hash_commit,2026-03-21T18:05:01Z
glossary/html,no_hash_commit,2026-03-21T18:05:01Z
glossary/html5,no_hash_commit,2026-03-21T18:05:01Z
glossary/http,no_hash_commit,2026-03-21T18:05:01Z
glossary/identifier,no_hash_commit,2026-03-21T18:05:01Z
glossary/iife,no_hash_commit,2026-03-21T18:05:01Z
glossary/immutable,no_hash_commit,2026-03-21T18:05:01Z
glossary,295ba1fd21904ca1abc56ff7f120a398d411fe87,2026-03-21T18:05:01Z
glossary/indexeddb,no_hash_commit,2026-03-21T18:05:01Z
glossary/ip_address,no_hash_commit,2026-03-21T18:05:01Z
glossary/jank,no_hash_commit,2026-03-21T18:05:01Z
glossary/java,no_hash_commit,2026-03-21T18:05:01Z
glossary/javascript,no_hash_commit,2026-03-21T18:05:01Z
glossary/jpeg,no_hash_commit,2026-03-21T18:05:01Z
glossary/json,no_hash_commit,2026-03-21T18:05:01Z
glossary/key,no_hash_commit,2026-03-21T18:05:01Z
glossary/keyword,no_hash_commit,2026-03-21T18:05:01Z
glossary/ligature,no_hash_commit,2026-03-21T18:05:01Z
glossary/localization,no_hash_commit,2026-03-21T18:05:01Z
glossary/mathml,no_hash_commit,2026-03-21T18:05:01Z
glossary/mime_type,5af7eee008b191ba354db23bd9d0ad299eb77678,2026-03-21T18:05:01Z
glossary/mvc,no_hash_commit,2026-03-21T18:05:01Z
glossary/node.js,no_hash_commit,2026-03-21T18:05:01Z
glossary/null,no_hash_commit,2026-03-21T18:05:01Z
glossary/number,no_hash_commit,2026-03-21T18:05:01Z
glossary/object,no_hash_commit,2026-03-21T18:05:01Z
glossary/oop,no_hash_commit,2026-03-21T18:05:01Z
glossary/opera_browser,no_hash_commit,2026-03-21T18:05:01Z
glossary/parameter,no_hash_commit,2026-03-21T18:05:01Z
glossary/php,no_hash_commit,2026-03-21T18:05:01Z
glossary/png,no_hash_commit,2026-03-21T18:05:01Z
glossary/pop,no_hash_commit,2026-03-21T18:05:01Z
glossary/port,no_hash_commit,2026-03-21T18:05:01Z
glossary/prefetch,no_hash_commit,2026-03-21T18:05:01Z
glossary/presto,no_hash_commit,2026-03-21T18:05:01Z
glossary/progressive_enhancement,no_hash_commit,2026-03-21T18:05:01Z
glossary/property,no_hash_commit,2026-03-21T18:05:01Z
glossary/property/javascript,no_hash_commit,2026-03-21T18:05:01Z
glossary/protocol,no_hash_commit,2026-03-21T18:05:01Z
glossary/prototype,no_hash_commit,2026-03-21T18:05:01Z
glossary/pseudo-element,no_hash_commit,2026-03-21T18:05:01Z
glossary/python,no_hash_commit,2026-03-21T18:05:01Z
glossary/recursion,no_hash_commit,2026-03-21T18:05:01Z
glossary/reflow,no_hash_commit,2026-03-21T18:05:01Z
glossary/regular_expression,no_hash_commit,2026-03-21T18:05:01Z
glossary/responsive_web_design,no_hash_commit,2026-03-21T18:05:01Z
glossary/rest,no_hash_commit,2026-03-21T18:05:01Z
glossary/robots.txt,a3693d282028046f4e0dadf0b1aa068b407d1158,2026-03-21T18:05:01Z
glossary/router,no_hash_commit,2026-03-21T18:05:01Z
glossary/ruby,no_hash_commit,2026-03-21T18:05:01Z
glossary/seo,no_hash_commit,2026-03-21T18:05:01Z
glossary/server,no_hash_commit,2026-03-21T18:05:01Z
glossary/sgml,no_hash_commit,2026-03-21T18:05:01Z
glossary/spa,no_hash_commit,2026-03-21T18:05:01Z
glossary/sql,no_hash_commit,2026-03-21T18:05:01Z
glossary/sql_injection,no_hash_commit,2026-03-21T18:05:01Z
glossary/svg,no_hash_commit,2026-03-21T18:05:01Z
glossary/svn,no_hash_commit,2026-03-21T18:05:01Z
glossary/synchronous,no_hash_commit,2026-03-21T18:05:01Z
glossary/type,no_hash_commit,2026-03-21T18:05:01Z
glossary/typescript,2547f622337d6cbf8c3794776b17ed377d6aad57,2026-03-21T18:05:01Z
glossary/uri,no_hash_commit,2026-03-21T18:05:01Z
glossary/url,no_hash_commit,2026-03-21T18:05:01Z
glossary/viewport,no_hash_commit,2026-03-21T18:05:01Z
glossary/void_element,no_hash_commit,2026-03-21T18:05:01Z
glossary/w3c,no_hash_commit,2026-03-21T18:05:01Z
glossary/webextensions,no_hash_commit,2026-03-21T18:05:01Z
glossary/webgl,no_hash_commit,2026-03-21T18:05:01Z
glossary/websockets,no_hash_commit,2026-03-21T18:05:01Z
glossary/xhtml,no_hash_commit,2026-03-21T18:05:01Z
learn_web_development/core/accessibility/html,no_hash_commit,2026-03-21T18:05:01Z
learn_web_development/core/accessibility,427efbee9e0da53517f45420af87a66a2a6b6e19,2026-03-21T18:05:01Z
learn_web_development/core/accessibility/wai-aria_basics,no_hash_commit,2026-03-21T18:05:01Z
learn_web_development/core/accessibility/what_is_accessibility,no_hash_commit,2026-03-21T18:05:01Z
learn_web_development/core/css_layout,no_hash_commit,2026-03-21T18:05:01Z
learn_web_development/core/frameworks_libraries/angular_building,48d220a8cffdfd5f088f8ca89724a9a92e34d8c0,2026-03-21T18:05:01Z
learn_web_development/core/frameworks_libraries/angular_filtering,ffa6f5871f50856c60983a125cef7de267be7aeb,2026-03-21T18:05:01Z
learn_web_development/core/frameworks_libraries/angular_getting_started,48d220a8cffdfd5f088f8ca89724a9a92e34d8c0,2026-03-21T18:05:01Z
learn_web_development/core/frameworks_libraries/angular_item_component,no_hash_commit,2026-03-21T18:05:01Z
learn_web_development/core/frameworks_libraries/angular_styling,no_hash_commit,2026-03-21T18:05:01Z
learn_web_development/core/frameworks_libraries/angular_todo_list_beginning,no_hash_commit,2026-03-21T18:05:01Z
learn_web_development/core/frameworks_libraries,no_hash_commit,2026-03-21T18:05:01Z
learn_web_development/core/frameworks_libraries/introduction,no_hash_commit,2026-03-21T18:05:01Z
learn_web_development/core/frameworks_libraries/react_getting_started,no_hash_commit,2026-03-21T18:05:01Z
learn_web_development/core/frameworks_libraries/react_todo_list_beginning,no_hash_commit,2026-03-21T18:05:01Z
learn_web_development/core/frameworks_libraries/svelte_getting_started,no_hash_commit,2026-03-21T18:05:01Z
learn_web_development/core/frameworks_libraries/svelte_todo_list_beginning,no_hash_commit,2026-03-21T18:05:01Z
learn_web_development/core/frameworks_libraries/svelte_variables_props,no_hash_commit,2026-03-21T18:05:01Z
learn_web_development/core/frameworks_libraries/vue_first_component,no_hash_commit,2026-03-21T18:05:01Z
learn_web_development/core/frameworks_libraries/vue_getting_started,no_hash_commit,2026-03-21T18:05:01Z
learn_web_development/core/scripting/a_first_splash,4fa9407fe174a12ecdc50b680560b16021300bc1,2026-03-21T18:05:01Z
learn_web_development/core/scripting/arrays,no_hash_commit,2026-03-21T18:05:01Z
learn_web_development/core/scripting/conditionals,no_hash_commit,2026-03-21T18:05:01Z
learn_web_development/core/scripting/debugging_javascript,no_hash_commit,2026-03-21T18:05:01Z
learn_web_development/core/scripting/functions,no_hash_commit,2026-03-21T18:05:01Z
learn_web_development/core/scripting/image_gallery,no_hash_commit,2026-03-21T18:05:01Z
learn_web_development/core/scripting,no_hash_commit,2026-03-21T18:05:01Z
learn_web_development/core/scripting/json,no_hash_commit,2026-03-21T18:05:01Z
learn_web_development/core/scripting/loops,no_hash_commit,2026-03-21T18:05:01Z
learn_web_development/core/scripting/math,no_hash_commit,2026-03-21T18:05:01Z
learn_web_development/core/scripting/network_requests,no_hash_commit,2026-03-21T18:05:01Z
learn_web_development/core/scripting/object_basics,no_hash_commit,2026-03-21T18:05:01Z
learn_web_development/core/scripting/silly_story_generator,no_hash_commit,2026-03-21T18:05:01Z
learn_web_development/core/scripting/strings,no_hash_commit,2026-03-21T18:05:01Z
learn_web_development/core/scripting/useful_string_methods,no_hash_commit,2026-03-21T18:05:01Z
learn_web_development/core/scripting/variables,no_hash_commit,2026-03-21T18:05:01Z
learn_web_development/core/scripting/what_is_javascript,3e543cdfe8dddfb4774a64bf3decdcbab42a4111,2026-03-21T18:05:01Z
learn_web_development/core/scripting/what_went_wrong,no_hash_commit,2026-03-21T18:05:01Z
learn_web_development/core/structuring_content/basic_html_syntax,no_hash_commit,2026-03-21T18:05:01Z
learn_web_development/core/structuring_content/creating_links,no_hash_commit,2026-03-21T18:05:01Z
learn_web_development/core/structuring_content/headings_and_paragraphs,no_hash_commit,2026-03-21T18:05:01Z
learn_web_development/core/structuring_content/html_images,no_hash_commit,2026-03-21T18:05:01Z
learn_web_development/core/structuring_content/html_table_basics,no_hash_commit,2026-03-21T18:05:01Z
learn_web_development/core/structuring_content,no_hash_commit,2026-03-21T18:05:01Z
learn_web_development/core/structuring_content/structuring_documents,no_hash_commit,2026-03-21T18:05:01Z
learn_web_development/core/structuring_content/test_your_skills/audio_and_video,no_hash_commit,2026-03-21T18:05:01Z
learn_web_development/core/structuring_content/webpage_metadata,no_hash_commit,2026-03-21T18:05:01Z
learn_web_development/core/styling_basics/getting_started,no_hash_commit,2026-03-21T18:05:01Z
learn_web_development/core/styling_basics,no_hash_commit,2026-03-21T18:05:01Z
learn_web_development/core/styling_basics/what_is_css,no_hash_commit,2026-03-21T18:05:01Z
learn_web_development/core/text_styling,no_hash_commit,2026-03-21T18:05:01Z
learn_web_development/core/version_control,no_hash_commit,2026-03-21T18:05:01Z
learn_web_development/extensions/advanced_javascript_objects/adding_bouncing_balls_features,no_hash_commit,2026-03-21T18:05:01Z
learn_web_development/extensions/advanced_javascript_objects/classes_in_javascript,no_hash_commit,2026-03-21T18:05:01Z
learn_web_development/extensions/advanced_javascript_objects,no_hash_commit,2026-03-21T18:05:01Z
learn_web_development/extensions/advanced_javascript_objects/object_building_practice,no_hash_commit,2026-03-21T18:05:01Z
learn_web_development/extensions/advanced_javascript_objects/object_prototypes,no_hash_commit,2026-03-21T18:05:01Z
learn_web_development/extensions/async_js,no_hash_commit,2026-03-21T18:05:01Z
learn_web_development/extensions/async_js/introducing,no_hash_commit,2026-03-21T18:05:01Z
learn_web_development/extensions/client-side_apis,no_hash_commit,2026-03-21T18:05:01Z
learn_web_development/extensions/forms/how_to_structure_a_web_form,no_hash_commit,2026-03-21T18:05:01Z
learn_web_development/extensions/forms,no_hash_commit,2026-03-21T18:05:01Z
learn_web_development/extensions/performance/multimedia,no_hash_commit,2026-03-21T18:05:01Z
learn_web_development/extensions/server-side/django/admin_site,no_hash_commit,2026-03-21T18:05:01Z
learn_web_development/extensions/server-side/django/authentication,no_hash_commit,2026-03-21T18:05:01Z
learn_web_development/extensions/server-side/django/development_environment,no_hash_commit,2026-03-21T18:05:01Z
learn_web_development/extensions/server-side/django/django_assessment_blog,no_hash_commit,2026-03-21T18:05:01Z
learn_web_development/extensions/server-side/django/forms,no_hash_commit,2026-03-21T18:05:01Z
learn_web_development/extensions/server-side/django/generic_views,no_hash_commit,2026-03-21T18:05:01Z
learn_web_development/extensions/server-side/django/home_page,no_hash_commit,2026-03-21T18:05:01Z
learn_web_development/extensions/server-side/django,no_hash_commit,2026-03-21T18:05:01Z
learn_web_development/extensions/server-side/django/introduction,no_hash_commit,2026-03-21T18:05:01Z
learn_web_development/extensions/server-side/django/models,no_hash_commit,2026-03-21T18:05:01Z
learn_web_development/extensions/server-side/django/sessions,no_hash_commit,2026-03-21T18:05:01Z
learn_web_development/extensions/server-side/django/skeleton_website,no_hash_commit,2026-03-21T18:05:01Z
learn_web_development/extensions/server-side/django/tutorial_local_library_website,no_hash_commit,2026-03-21T18:05:01Z
learn_web_development/extensions/server-side/express_nodejs/deployment,no_hash_commit,2026-03-21T18:05:01Z
learn_web_development/extensions/server-side/express_nodejs/development_environment,no_hash_commit,2026-03-21T18:05:01Z
learn_web_development/extensions/server-side/express_nodejs/displaying_data/author_detail_page,no_hash_commit,2026-03-21T18:05:01Z
learn_web_development/extensions/server-side/express_nodejs/displaying_data/book_detail_page,no_hash_commit,2026-03-21T18:05:01Z
learn_web_development/extensions/server-side/express_nodejs/displaying_data/book_list_page,no_hash_commit,2026-03-21T18:05:01Z
learn_web_development/extensions/server-side/express_nodejs/displaying_data/bookinstance_detail_page_and_challenge,no_hash_commit,2026-03-21T18:05:01Z
learn_web_development/extensions/server-side/express_nodejs/displaying_data/bookinstance_list_page,no_hash_commit,2026-03-21T18:05:01Z
learn_web_development/extensions/server-side/express_nodejs/displaying_data/date_formatting_using_moment,no_hash_commit,2026-03-21T18:05:01Z
learn_web_development/extensions/server-side/express_nodejs/displaying_data,no_hash_commit,2026-03-21T18:05:01Z
learn_web_development/extensions/server-side/express_nodejs/displaying_data/locallibrary_base_template,no_hash_commit,2026-03-21T18:05:01Z
learn_web_development/extensions/server-side/express_nodejs/forms,no_hash_commit,2026-03-21T18:05:01Z
learn_web_development/extensions/server-side/express_nodejs,no_hash_commit,2026-03-21T18:05:01Z
learn_web_development/extensions/server-side/express_nodejs/introduction,no_hash_commit,2026-03-21T18:05:01Z
learn_web_development/extensions/server-side/express_nodejs/mongoose,no_hash_commit,2026-03-21T18:05:01Z
learn_web_development/extensions/server-side/express_nodejs/routes,no_hash_commit,2026-03-21T18:05:01Z
learn_web_development/extensions/server-side/express_nodejs/skeleton_website,no_hash_commit,2026-03-21T18:05:01Z
learn_web_development/extensions/server-side/express_nodejs/tutorial_local_library_website,no_hash_commit,2026-03-21T18:05:01Z
learn_web_development/extensions/server-side/first_steps,no_hash_commit,2026-03-21T18:05:01Z
learn_web_development/extensions/server-side/first_steps/introduction,no_hash_commit,2026-03-21T18:05:01Z
learn_web_development/extensions/server-side,no_hash_commit,2026-03-21T18:05:01Z
learn_web_development/extensions/testing/automated_testing,no_hash_commit,2026-03-21T18:05:01Z
learn_web_development/extensions/testing,no_hash_commit,2026-03-21T18:05:01Z
learn_web_development/getting_started/environment_setup/dealing_with_files,62ab95d20f246369cfab654c5a7a8727deb21ea6,2026-03-21T18:05:01Z
learn_web_development/getting_started/environment_setup/installing_software,48d220a8cffdfd5f088f8ca89724a9a92e34d8c0,2026-03-21T18:05:01Z
learn_web_development/getting_started/web_standards/how_the_web_works,no_hash_commit,2026-03-21T18:05:01Z
learn_web_development/getting_started/your_first_website/adding_interactivity,no_hash_commit,2026-03-21T18:05:01Z
learn_web_development/getting_started/your_first_website/creating_the_content,no_hash_commit,2026-03-21T18:05:01Z
learn_web_development/getting_started/your_first_website,no_hash_commit,2026-03-21T18:05:01Z
learn_web_development/getting_started/your_first_website/publishing_your_website,no_hash_commit,2026-03-21T18:05:01Z
learn_web_development/getting_started/your_first_website/styling_the_content,no_hash_commit,2026-03-21T18:05:01Z
learn_web_development/getting_started/your_first_website/what_will_your_website_look_like,no_hash_commit,2026-03-21T18:05:01Z
learn_web_development/howto,479ea4c8bff4b900a7968413287c77dde2b0c20f,2026-03-21T18:05:01Z
learn_web_development/howto/solve_css_problems/css_faq,no_hash_commit,2026-03-21T18:05:01Z
learn_web_development/howto/solve_css_problems,no_hash_commit,2026-03-21T18:05:01Z
learn_web_development/howto/solve_html_problems,no_hash_commit,2026-03-21T18:05:01Z
learn_web_development/howto/solve_javascript_problems,no_hash_commit,2026-03-21T18:05:01Z
learn_web_development/howto/web_mechanics/what_is_a_web_server,no_hash_commit,2026-03-21T18:05:01Z
learn_web_development,be1922d62a0d31e4e3441db0e943aed8df736481,2026-03-21T18:05:01Z
mdn/community/getting_started,no_hash_commit,2026-03-21T18:05:01Z
mdn/community,7819249f906dcfc59a2c4cb702b80a35b7964842,2026-03-21T18:05:01Z
mdn/community/translated_content,840104044bac2ae1c3b21cfbcd4c240278d8e429,2026-03-21T18:05:01Z
mdn/guides,no_hash_commit,2026-03-21T18:05:01Z
mdn,no_hash_commit,2026-03-21T18:05:01Z
mdn/tutorials,no_hash_commit,2026-03-21T18:05:01Z
mdn/writing_guidelines/attrib_copyright_license,24b4a3d9e5488d5c5600cf8eb278484d47bca07e,2026-03-21T18:05:01Z
mdn/writing_guidelines/howto/creating_moving_deleting,c6cab7f1aa7dc9f3495486a5b46020db320101cf,2026-03-21T18:05:01Z
mdn/writing_guidelines/howto,719645a32546d9e514ac530a5eb66aa4c26d4f51,2026-03-21T18:05:01Z
mdn/writing_guidelines/howto/json_structured_data,e488eba036b2fee56444fd579c3759ef45ff2ca8,2026-03-21T18:05:01Z
mdn/writing_guidelines/howto/research_technology,719645a32546d9e514ac530a5eb66aa4c26d4f51,2026-03-21T18:05:01Z
mdn/writing_guidelines,3e543cdfe8dddfb4774a64bf3decdcbab42a4111,2026-03-21T18:05:01Z
mdn/writing_guidelines/page_structures/banners_and_notices,359403526b7b802cdb09b90acf28577b959076d0,2026-03-21T18:05:01Z
mdn/writing_guidelines/page_structures,719645a32546d9e514ac530a5eb66aa4c26d4f51,2026-03-21T18:05:01Z
mdn/writing_guidelines/page_structures/page_types/api_constructor_subpage_template,a84b606ffd77c40a7306be6c932a74ab9ce6ab96,2026-03-21T18:05:01Z
mdn/writing_guidelines/page_structures/page_types/api_event_subpage_template,f4c0e822eb6a1ea438c7342f43a3e4809adbd56a,2026-03-21T18:05:01Z
mdn/writing_guidelines/what_we_write,427efbee9e0da53517f45420af87a66a2a6b6e19,2026-03-21T18:05:01Z
mdn/writing_guidelines/writing_style_guide,no_hash_commit,2026-03-21T18:05:01Z
mozilla/add-ons,no_hash_commit,2026-03-21T18:05:01Z
mozilla/add-ons/webextensions/anatomy_of_a_webextension,no_hash_commit,2026-03-21T18:05:01Z
mozilla/add-ons/webextensions/api/cookies/cookiestore,no_hash_commit,2026-03-21T18:05:01Z
mozilla/add-ons/webextensions/api/cookies,no_hash_commit,2026-03-21T18:05:01Z
mozilla/add-ons/webextensions/api/cookies/onchanged,no_hash_commit,2026-03-21T18:05:01Z
mozilla/add-ons/webextensions/api/cookies/onchangedcause,no_hash_commit,2026-03-21T18:05:01Z
mozilla/add-ons/webextensions/api/storage,no_hash_commit,2026-03-21T18:05:01Z
mozilla/add-ons/webextensions/api/storage/local,no_hash_commit,2026-03-21T18:05:01Z
mozilla/add-ons/webextensions/content_scripts,no_hash_commit,2026-03-21T18:05:01Z
mozilla/add-ons/webextensions,4f197acb904fe25772ddcd928ca1e397fd7680b4,2026-03-21T18:05:01Z
mozilla/add-ons/webextensions/manifest.json/author,no_hash_commit,2026-03-21T18:05:01Z
mozilla/add-ons/webextensions/manifest.json/background,no_hash_commit,2026-03-21T18:05:01Z
mozilla/add-ons/webextensions/manifest.json/browser_specific_settings,no_hash_commit,2026-03-21T18:05:01Z
mozilla/add-ons/webextensions/manifest.json/homepage_url,no_hash_commit,2026-03-21T18:05:01Z
mozilla/add-ons/webextensions/manifest.json,no_hash_commit,2026-03-21T18:05:01Z
mozilla/add-ons/webextensions/manifest.json/options_ui,no_hash_commit,2026-03-21T18:05:01Z
mozilla/add-ons/webextensions/user_interface/context_menu_items,no_hash_commit,2026-03-21T18:05:01Z
mozilla/add-ons/webextensions/user_interface/devtools_panels,no_hash_commit,2026-03-21T18:05:01Z
mozilla/add-ons/webextensions/user_interface,no_hash_commit,2026-03-21T18:05:01Z
mozilla/add-ons/webextensions/user_interface/sidebars,no_hash_commit,2026-03-21T18:05:01Z
mozilla/add-ons/webextensions/user_interface/toolbar_button,no_hash_commit,2026-03-21T18:05:01Z
mozilla/add-ons/webextensions/what_are_webextensions,93b34fcdb9cf91ff44f5dfe7f4dcd13e961962da,2026-03-21T18:05:01Z
mozilla/add-ons/webextensions/your_first_webextension,no_hash_commit,2026-03-21T18:05:01Z
mozilla/add-ons/webextensions/your_second_webextension,no_hash_commit,2026-03-21T18:05:01Z
mozilla/firefox,no_hash_commit,2026-03-21T18:05:01Z
mozilla/firefox/releases/2/adding_feed_readers_to_firefox,no_hash_commit,2026-03-21T18:05:01Z
mozilla/firefox/releases/2,no_hash_commit,2026-03-21T18:05:01Z
mozilla/firefox/releases/2/security_changes,no_hash_commit,2026-03-21T18:05:01Z
mozilla/firefox/releases/3/dom_improvements,no_hash_commit,2026-03-21T18:05:01Z
mozilla/firefox/releases/3,no_hash_commit,2026-03-21T18:05:01Z
mozilla/firefox/releases/61,no_hash_commit,2026-03-21T18:05:01Z
mozilla/firefox/releases,1d3d0c10ebf5c8c55f75b9adce74d1e5001866c6,2026-03-21T18:05:01Z
mozilla,no_hash_commit,2026-03-21T18:05:01Z
web/accessibility/aria/guides/techniques,no_hash_commit,2026-03-21T18:05:01Z
web/accessibility/guides/mobile_accessibility_checklist,no_hash_commit,2026-03-21T18:05:01Z
web/accessibility,no_hash_commit,2026-03-21T18:05:01Z
web/api/abortcontroller,ec1006afdf68a5808a48ab6301f9ccff3cd7ecc2,2026-03-21T18:05:01Z
web/api/analysernode/getbytefrequencydata,ca3afa7533ac5bc2d552b0c7926d672fe79d71de,2026-03-21T18:05:01Z
web/api/animationevent,76717f752447b6eef25bf29c12272e407ee5cb6b,2026-03-21T18:05:01Z
web/api/battery_status_api,941ade970fd7ebad52af692b6ac27cfd96f94100,2026-03-21T18:05:01Z
web/api/blob/blob,3e543cdfe8dddfb4774a64bf3decdcbab42a4111,2026-03-21T18:05:01Z
web/api/blob,e9b6cd1b7fa8612257b72b2a85a96dd7d45c0200,2026-03-21T18:05:01Z
web/api/blob/size,84a9afd94f497d4173bde131731ef6bdf0b6135d,2026-03-21T18:05:01Z
web/api/blob/type,be8f7f155a48e11b30c240f8731afb1845f85378,2026-03-21T18:05:01Z
web/api/canvas_api,ad896488bf8fac04fc6fa144c441fdbfd880737c,2026-03-21T18:05:01Z
web/api/canvas_api/tutorial/advanced_animations,02724e050873ff160217f3980e6eb8c2d356fdc9,2026-03-21T18:05:01Z
web/api/canvas_api/tutorial/applying_styles_and_colors,no_hash_commit,2026-03-21T18:05:01Z
web/api/canvas_api/tutorial/basic_animations,no_hash_commit,2026-03-21T18:05:01Z
web/api/canvas_api/tutorial/basic_usage,no_hash_commit,2026-03-21T18:05:01Z
web/api/canvas_api/tutorial/compositing,no_hash_commit,2026-03-21T18:05:01Z
web/api/canvas_api/tutorial/drawing_shapes,no_hash_commit,2026-03-21T18:05:01Z
web/api/canvas_api/tutorial/drawing_text,no_hash_commit,2026-03-21T18:05:01Z
web/api/canvas_api/tutorial,no_hash_commit,2026-03-21T18:05:01Z
web/api/canvas_api/tutorial/optimizing_canvas,no_hash_commit,2026-03-21T18:05:01Z
web/api/canvas_api/tutorial/pixel_manipulation_with_canvas,no_hash_commit,2026-03-21T18:05:01Z
web/api/canvas_api/tutorial/transformations,no_hash_commit,2026-03-21T18:05:01Z
web/api/canvas_api/tutorial/using_images,no_hash_commit,2026-03-21T18:05:01Z
web/api/channel_messaging_api,2c641e08878722bf29fb784d58c61873ce4a133a,2026-03-21T18:05:01Z
web/api/clipboardevent,7087ffd50a4d81d1b91fe603c26456e9ce398574,2026-03-21T18:05:01Z
web/api/closeevent,fb311d7305937497570966f015d8cc0eb1a0c29c,2026-03-21T18:05:01Z
web/api/console/assert_static,d0e6d8d712a33b9d3c7a9fb9a8ba85d4dd1b7002,2026-03-21T18:05:01Z
web/api/css_object_model/managing_screen_orientation,c7edf2734fccb185c5e93ee114ea3d5edc0177b5,2026-03-21T18:05:01Z
web/api/cssstylesheet/insertrule,d64189632da72d059dcc110f4d0b0684ef45ba16,2026-03-21T18:05:01Z
web/api/customelementregistry/define,3e543cdfe8dddfb4774a64bf3decdcbab42a4111,2026-03-21T18:05:01Z
web/api/customevent/customevent,14aec55e57117d0dc4a916112e23d310908e9937,2026-03-21T18:05:01Z
web/api/customevent,67e109a23d67c4138e36bd03abe7f9a6500eb5c3,2026-03-21T18:05:01Z
web/api/document/createdocumentfragment,0a881eea07f0cec6ca4ed85a24af43b367a9f80d,2026-03-21T18:05:01Z
web/api/document/createelement,941ade970fd7ebad52af692b6ac27cfd96f94100,2026-03-21T18:05:01Z
web/api/document/createevent,08e04f121ea7b3a55e6ef47782d2d82fb053ca88,2026-03-21T18:05:01Z
web/api/document/createrange,73016bea54a98f70dc2aaad0724d0d421ef9839c,2026-03-21T18:05:01Z
web/api/document/createtextnode,06bb5f22d50ff3579a12aebf7e8c9f02cfa2468b,2026-03-21T18:05:01Z
web/api/document/defaultview,0a881eea07f0cec6ca4ed85a24af43b367a9f80d,2026-03-21T18:05:01Z
web/api/document/designmode,62cedc63226017e9e7d0718b6fea3529ca8dbf37,2026-03-21T18:05:01Z
web/api/document/documentelement,376da6eeed886361367923824132ccfc5ac1177d,2026-03-21T18:05:01Z
web/api/document/execcommand,e593d32ad2a2fde33cfd4d4d71b152efdc371f8e,2026-03-21T18:05:01Z
web/api/document/forms,b756b8ef42bfd3b9e2f3d46fb44d41e2d3f15e25,2026-03-21T18:05:01Z
web/api/document/getelementsbyclassname,06bb5f22d50ff3579a12aebf7e8c9f02cfa2468b,2026-03-21T18:05:01Z
web/api/document/head,06bb5f22d50ff3579a12aebf7e8c9f02cfa2468b,2026-03-21T18:05:01Z
web/api/document/queryselector,941ade970fd7ebad52af692b6ac27cfd96f94100,2026-03-21T18:05:01Z
web/api/document/readystate,acfe8c9f1f4145f77653a2bc64a9744b001358dc,2026-03-21T18:05:01Z
web/api/document/scroll_event,f5e710f5c620c8d3c8b179f3b062d6bbdc8389ec,2026-03-21T18:05:01Z
web/api/document_object_model/events,no_hash_commit,2026-03-21T18:05:01Z
web/api/document_object_model,df2a728b3b3911a396a4b47d363e4a335a5c8065,2026-03-21T18:05:01Z
web/api/documentfragment,fd1081dbbecd338a3ea55b03c187b6a60500408f,2026-03-21T18:05:01Z
web/api/domparser,3e1b5277c6451e7d27ab628f23fb9702947a7a7b,2026-03-21T18:05:01Z
web/api/domtokenlist,494edeb208c312a26b7f5efb0902799d89a2bb33,2026-03-21T18:05:01Z
web/api/dragevent/datatransfer,980b5a01c4527ef69fee3b865c68ee3ffb09d612,2026-03-21T18:05:01Z
web/api/dragevent,a4675b9077ae32f989c7ecac94f454db2653c4fc,2026-03-21T18:05:01Z
web/api/element/clientheight,no_hash_commit,2026-03-21T18:05:01Z
web/api/element/clientwidth,no_hash_commit,2026-03-21T18:05:01Z
web/api/element/keyup_event,no_hash_commit,2026-03-21T18:05:01Z
web/api/element/scrollheight,no_hash_commit,2026-03-21T18:05:01Z
web/api/element/scrolltop,no_hash_commit,2026-03-21T18:05:01Z
web/api/encrypted_media_extensions_api,7b565c5f4610bea19c844f35532853624d87cde3,2026-03-21T18:05:01Z
web/api/errorevent,no_hash_commit,2026-03-21T18:05:01Z
web/api/event/bubbles,no_hash_commit,2026-03-21T18:05:01Z
web/api/event/currenttarget,no_hash_commit,2026-03-21T18:05:01Z
web/api/event/defaultprevented,no_hash_commit,2026-03-21T18:05:01Z
web/api/event/event,no_hash_commit,2026-03-21T18:05:01Z
web/api/event/eventphase,no_hash_commit,2026-03-21T18:05:01Z
web/api/event,no_hash_commit,2026-03-21T18:05:01Z
web/api/event/istrusted,e13c7d3a0f6bd3e32a3dbd07fe42eacb079c63ae,2026-03-21T18:05:01Z
web/api/event/preventdefault,no_hash_commit,2026-03-21T18:05:01Z
web/api/event/stopimmediatepropagation,no_hash_commit,2026-03-21T18:05:01Z
web/api/event/stoppropagation,no_hash_commit,2026-03-21T18:05:01Z
web/api/event/target,976891fb78ba24cb4ac6e58ae8a903b20eae4337,2026-03-21T18:05:01Z
web/api/event/timestamp,no_hash_commit,2026-03-21T18:05:01Z
web/api/event/type,976891fb78ba24cb4ac6e58ae8a903b20eae4337,2026-03-21T18:05:01Z
web/api/eventtarget/addeventlistener,no_hash_commit,2026-03-21T18:05:01Z
web/api/eventtarget/dispatchevent,no_hash_commit,2026-03-21T18:05:01Z
web/api/eventtarget,no_hash_commit,2026-03-21T18:05:01Z
web/api/fetch_api,8c1bc8d99fc8301fbbe874f6dcf8d41a9f4fe5fb,2026-03-21T18:05:01Z
web/api/fetch_api/using_fetch,no_hash_commit,2026-03-21T18:05:01Z
web/api/file/file,no_hash_commit,2026-03-21T18:05:01Z
web/api/file,no_hash_commit,2026-03-21T18:05:01Z
web/api/file/name,no_hash_commit,2026-03-21T18:05:01Z
web/api/file_and_directory_entries_api,no_hash_commit,2026-03-21T18:05:01Z
web/api/file_api/using_files_from_web_applications,no_hash_commit,2026-03-21T18:05:01Z
web/api/filelist,no_hash_commit,2026-03-21T18:05:01Z
web/api/filereader/error,497d322c61511b11e4877a77660f8d7b394a8277,2026-03-21T18:05:01Z
web/api/filereader,no_hash_commit,2026-03-21T18:05:01Z
web/api/filereader/readystate,no_hash_commit,2026-03-21T18:05:01Z
web/api/filesystem,e488eba036b2fee56444fd579c3759ef45ff2ca8,2026-03-21T18:05:01Z
web/api/formdata/get,2c641e08878722bf29fb784d58c61873ce4a133a,2026-03-21T18:05:01Z
web/api/formdata,no_hash_commit,2026-03-21T18:05:01Z
web/api/fullscreen_api,no_hash_commit,2026-03-21T18:05:01Z
web/api/gainnode/gain,d8f04d843dd81ab8cea1cfc0577ae3c5c9b77d5c,2026-03-21T18:05:01Z
web/api/gainnode,fa1301aead2cee37516b7ad5a5ec2fb21e004227,2026-03-21T18:05:01Z
web/api/geolocation/clearwatch,049b078b0fff80875027b89802b0399138df63a6,2026-03-21T18:05:01Z
web/api/geolocation/getcurrentposition,4d929bb0a021c7130d5a71a4bf505bcb8070378d,2026-03-21T18:05:01Z
web/api/geolocation,d8f04d843dd81ab8cea1cfc0577ae3c5c9b77d5c,2026-03-21T18:05:01Z
web/api/geolocation/watchposition,4d929bb0a021c7130d5a71a4bf505bcb8070378d,2026-03-21T18:05:01Z
web/api/geolocation_api,no_hash_commit,2026-03-21T18:05:01Z
web/api/geolocationcoordinates/accuracy,066d55a090927fa19ba19c2a4b2417470e1a979f,2026-03-21T18:05:01Z
web/api/geolocationcoordinates/altitude,066d55a090927fa19ba19c2a4b2417470e1a979f,2026-03-21T18:05:01Z
web/api/geolocationcoordinates/altitudeaccuracy,066d55a090927fa19ba19c2a4b2417470e1a979f,2026-03-21T18:05:01Z
web/api/geolocationcoordinates/heading,68c5b12ed1e9a55b86cd32e242216f1b88a8ccc7,2026-03-21T18:05:01Z
web/api/geolocationcoordinates,68c5b12ed1e9a55b86cd32e242216f1b88a8ccc7,2026-03-21T18:05:01Z
web/api/geolocationcoordinates/latitude,066d55a090927fa19ba19c2a4b2417470e1a979f,2026-03-21T18:05:01Z
web/api/geolocationcoordinates/longitude,d8f04d843dd81ab8cea1cfc0577ae3c5c9b77d5c,2026-03-21T18:05:01Z
web/api/geolocationcoordinates/speed,066d55a090927fa19ba19c2a4b2417470e1a979f,2026-03-21T18:05:01Z
web/api/geolocationcoordinates/tojson,4558d208395a5b1df4db44b0c8ef4e9a0f8adbbf,2026-03-21T18:05:01Z
web/api/geolocationposition/coords,066d55a090927fa19ba19c2a4b2417470e1a979f,2026-03-21T18:05:01Z
web/api/geolocationposition,no_hash_commit,2026-03-21T18:05:01Z
web/api/geolocationposition/timestamp,066d55a090927fa19ba19c2a4b2417470e1a979f,2026-03-21T18:05:01Z
web/api/geolocationpositionerror/code,066d55a090927fa19ba19c2a4b2417470e1a979f,2026-03-21T18:05:01Z
web/api/geolocationpositionerror,3e543cdfe8dddfb4774a64bf3decdcbab42a4111,2026-03-21T18:05:01Z
web/api/geolocationpositionerror/message,066d55a090927fa19ba19c2a4b2417470e1a979f,2026-03-21T18:05:01Z
web/api/history,no_hash_commit,2026-03-21T18:05:01Z
web/api/history_api,no_hash_commit,2026-03-21T18:05:01Z
web/api/html_drag_and_drop_api/drag_operations,no_hash_commit,2026-03-21T18:05:01Z
web/api/html_drag_and_drop_api,no_hash_commit,2026-03-21T18:05:01Z
web/api/htmlcanvaselement/todataurl,116577234db1d6275c74a8bb879fce54d944f4ed,2026-03-21T18:05:01Z
web/api/htmldialogelement/close_event,a7265fc3effa7c25b9997135104370c057a65293,2026-03-21T18:05:01Z
web/api/htmldocument,387d0d4d8690c0d2c9db1b85eae28ffea0f3ac1f,2026-03-21T18:05:01Z
web/api/htmlelement/click,3e543cdfe8dddfb4774a64bf3decdcbab42a4111,2026-03-21T18:05:01Z
web/api/htmlelement/innertext,5c513c8e3075989886ae5f3b00d92f2b2988085a,2026-03-21T18:05:01Z
web/api/htmlelement/lang,e7bc0ed5466f5834641d75d416fa81886cf6b37e,2026-03-21T18:05:01Z
web/api/htmlformelement/submit_event,6ba4f3b350be482ba22726f31bbcf8ad3c92a9c6,2026-03-21T18:05:01Z
web/api/htmlmediaelement/abort_event,a7265fc3effa7c25b9997135104370c057a65293,2026-03-21T18:05:01Z
web/api/htmlmediaelement/ratechange_event,f5e710f5c620c8d3c8b179f3b062d6bbdc8389ec,2026-03-21T18:05:01Z
web/api/htmlmediaelement/readystate,e932acf254c5dd06e26798b9d8fe01ce8dab1fb7,2026-03-21T18:05:01Z
web/api/htmlselectelement/checkvalidity,e9b6cd1b7fa8612257b72b2a85a96dd7d45c0200,2026-03-21T18:05:01Z
web/api/htmlselectelement/setcustomvalidity,e9b6cd1b7fa8612257b72b2a85a96dd7d45c0200,2026-03-21T18:05:01Z
web/api,f4c0e822eb6a1ea438c7342f43a3e4809adbd56a,2026-03-21T18:05:01Z
web/api/indexeddb_api,702cd9e4d2834e13aea345943efc8d0c03d92ec9,2026-03-21T18:05:01Z
web/api/indexeddb_api/using_indexeddb,no_hash_commit,2026-03-21T18:05:01Z
web/api/keyboardevent,no_hash_commit,2026-03-21T18:05:01Z
web/api/keyboardevent/keyboardevent,no_hash_commit,2026-03-21T18:05:01Z
web/api/media_capture_and_streams_api,no_hash_commit,2026-03-21T18:05:01Z
web/api/mediadevices/enumeratedevices,no_hash_commit,2026-03-21T18:05:01Z
web/api/mediadevices,no_hash_commit,2026-03-21T18:05:01Z
web/api/mediaquerylist,63cbf204323f117a2a80c7aa6273e50253ab9d07,2026-03-21T18:05:01Z
web/api/mediasource/activesourcebuffers,no_hash_commit,2026-03-21T18:05:01Z
web/api/mediasource/duration,no_hash_commit,2026-03-21T18:05:01Z
web/api/mediasource,no_hash_commit,2026-03-21T18:05:01Z
web/api/mediasource/mediasource,no_hash_commit,2026-03-21T18:05:01Z
web/api/mediasource/readystate,no_hash_commit,2026-03-21T18:05:01Z
web/api/messageevent,no_hash_commit,2026-03-21T18:05:01Z
web/api/mutationobserver,no_hash_commit,2026-03-21T18:05:01Z
web/api/namednodemap,no_hash_commit,2026-03-21T18:05:01Z
web/api/navigator/geolocation,cfb7587e3e3122630ad6cbd94d834ecadbe0a746,2026-03-21T18:05:01Z
web/api/navigator/language,no_hash_commit,2026-03-21T18:05:01Z
web/api/navigator/registerprotocolhandler,no_hash_commit,2026-03-21T18:05:01Z
web/api/network_information_api,1fae6a1db8be34bc73fb9d1e0fb058c253045853,2026-03-21T18:05:01Z
web/api/node/removechild,no_hash_commit,2026-03-21T18:05:01Z
web/api/nodelist,no_hash_commit,2026-03-21T18:05:01Z
web/api/notification,no_hash_commit,2026-03-21T18:05:01Z
web/api/notifications_api,no_hash_commit,2026-03-21T18:05:01Z
web/api/notifications_api/using_the_notifications_api,no_hash_commit,2026-03-21T18:05:01Z
web/api/payment_request_api,no_hash_commit,2026-03-21T18:05:01Z
web/api/paymentrequest,no_hash_commit,2026-03-21T18:05:01Z
web/api/performance/timing,b25d8774aa7bcc6a053e26cf804ad454f51e134b,2026-03-21T18:05:01Z
web/api/permissions_api,no_hash_commit,2026-03-21T18:05:01Z
web/api/pointer_lock_api,no_hash_commit,2026-03-21T18:05:01Z
web/api/response,no_hash_commit,2026-03-21T18:05:01Z
web/api/screen/orientation,no_hash_commit,2026-03-21T18:05:01Z
web/api/server-sent_events,no_hash_commit,2026-03-21T18:05:01Z
web/api/server-sent_events/using_server-sent_events,no_hash_commit,2026-03-21T18:05:01Z
web/api/storage,no_hash_commit,2026-03-21T18:05:01Z
web/api/svganimatedboolean/animval,c2fd97474834e061404b992c8397d4ccc4439a71,2026-03-21T18:05:01Z
web/api/svganimatedboolean/baseval,c2fd97474834e061404b992c8397d4ccc4439a71,2026-03-21T18:05:01Z
web/api/svganimatedboolean,2e39a37874913a1e3fd82999467505fd525e9177,2026-03-21T18:05:01Z
web/api/touch_events,no_hash_commit,2026-03-21T18:05:01Z
web/api/touchlist,cfa628aedb53a83b315943ef19fa6c73298fb7d5,2026-03-21T18:05:01Z
web/api/uievent,no_hash_commit,2026-03-21T18:05:01Z
web/api/uievent/uievent,no_hash_commit,2026-03-21T18:05:01Z
web/api/url/createobjecturl_static,no_hash_commit,2026-03-21T18:05:01Z
web/api/vibration_api,77915a2ad318fb78b1d02a35d6b1de61ea1b1f5f,2026-03-21T18:05:01Z
web/api/web_audio_api,a4fcf79b60471db6f148fa4ba36f2cdeafbbeb70,2026-03-21T18:05:01Z
web/api/web_workers_api/using_web_workers,no_hash_commit,2026-03-21T18:05:01Z
web/api/webgl_api/tutorial/adding_2d_content_to_a_webgl_context,no_hash_commit,2026-03-21T18:05:01Z
web/api/webgl_api/tutorial/getting_started_with_webgl,no_hash_commit,2026-03-21T18:05:01Z
web/api/webgl_api/tutorial,621c7978886787ca66bc5e90e457cf1466e58d35,2026-03-21T18:05:01Z
web/api/websocket,no_hash_commit,2026-03-21T18:05:01Z
web/api/websockets_api,dc788bf0ea36cb1ebe809c82aaae2c77cb3e18c0,2026-03-21T18:05:01Z
web/api/websockets_api/writing_websocket_client_applications,no_hash_commit,2026-03-21T18:05:01Z
web/api/webvtt_api,no_hash_commit,2026-03-21T18:05:01Z
web/api/wheelevent,no_hash_commit,2026-03-21T18:05:01Z
web/api/window/localstorage,3e097148b4c6cb9c6d8824275599f855ca63827b,2026-03-21T18:05:01Z
web/api/window/opener,e9b6cd1b7fa8612257b72b2a85a96dd7d45c0200,2026-03-21T18:05:01Z
web/api/window/orientationchange_event,f5e710f5c620c8d3c8b179f3b062d6bbdc8389ec,2026-03-21T18:05:01Z
web/api/window/popstate_event,no_hash_commit,2026-03-21T18:05:01Z
web/api/window/print,62cedc63226017e9e7d0718b6fea3529ca8dbf37,2026-03-21T18:05:01Z
web/api/window/requestanimationframe,no_hash_commit,2026-03-21T18:05:01Z
web/api/window/sessionstorage,no_hash_commit,2026-03-21T18:05:01Z
web/api/window/setinterval,f2dc3d5367203c860cf1a71ce0e972f018523849,2026-03-21T18:05:01Z
web/api/xmlhttprequest,3e543cdfe8dddfb4774a64bf3decdcbab42a4111,2026-03-21T18:05:01Z
web/api/xmlhttprequest/open,3e543cdfe8dddfb4774a64bf3decdcbab42a4111,2026-03-21T18:05:01Z
web/api/xmlhttprequest/readystate,9c78a44b9321fcd3fbe63d6f5b61ed749c2fa261,2026-03-21T18:05:01Z
web/api/xmlhttprequest/setrequestheader,4d929bb0a021c7130d5a71a4bf505bcb8070378d,2026-03-21T18:05:01Z
web/api/xmlhttprequest/status,4d929bb0a021c7130d5a71a4bf505bcb8070378d,2026-03-21T18:05:01Z
web/api/xmlhttprequest/withcredentials,a84b606ffd77c40a7306be6c932a74ab9ce6ab96,2026-03-21T18:05:01Z
web/api/xmlhttprequest/xmlhttprequest,5e270e3cdab4f3c8ad3f5752976c72c6e8312eb9,2026-03-21T18:05:01Z
web/api/xmlhttprequest_api/using_xmlhttprequest,a84b606ffd77c40a7306be6c932a74ab9ce6ab96,2026-03-21T18:05:01Z
web/css/guides/animations/using,0cc9980e3b21c83d1800a428bc402ae1865326b2,2026-03-21T18:05:01Z
web/css/guides/backgrounds_and_borders/using_multiple_backgrounds,0cc9980e3b21c83d1800a428bc402ae1865326b2,2026-03-21T18:05:01Z
web/css/guides/box_model/margin_collapsing,c9fc9aa7a65c5109e64c0f7b6d9e732dd812973f,2026-03-21T18:05:01Z
web/css/guides/cascade/inheritance,0cc9980e3b21c83d1800a428bc402ae1865326b2,2026-03-21T18:05:01Z
web/css/guides/cascade/shorthand_properties,no_hash_commit,2026-03-21T18:05:01Z
web/css/guides/colors/color_format_converter,c148812e0874220770cab62c16f33f48ceb98e99,2026-03-21T18:05:01Z
web/css/guides/flexible_box_layout/basic_concepts,0cc9980e3b21c83d1800a428bc402ae1865326b2,2026-03-21T18:05:01Z
web/css/guides/flexible_box_layout,0cc9980e3b21c83d1800a428bc402ae1865326b2,2026-03-21T18:05:01Z
web/css/guides/fonts,no_hash_commit,2026-03-21T18:05:01Z
web/css/guides/fonts/woff,0cc9980e3b21c83d1800a428bc402ae1865326b2,2026-03-21T18:05:01Z
web/css/guides/grid_layout/basic_concepts,no_hash_commit,2026-03-21T18:05:01Z
web/css/guides/grid_layout,no_hash_commit,2026-03-21T18:05:01Z
web/css/guides/images/replaced_element_properties,0cc9980e3b21c83d1800a428bc402ae1865326b2,2026-03-21T18:05:01Z
web/css/guides/inline_layout,113279ab09692d869866519106e25cba8a20abb8,2026-03-21T18:05:01Z
web/css/guides/lists/indenting,0cc9980e3b21c83d1800a428bc402ae1865326b2,2026-03-21T18:05:01Z
web/css/guides/media_queries/testing,no_hash_commit,2026-03-21T18:05:01Z
web/css/guides/positioned_layout/stacking_context/example_1,no_hash_commit,2026-03-21T18:05:01Z
web/css/guides/selectors,no_hash_commit,2026-03-21T18:05:01Z
web/css/guides/syntax/introduction,no_hash_commit,2026-03-21T18:05:01Z
web/css/guides/text/whitespace,no_hash_commit,2026-03-21T18:05:01Z
web/css/guides/transitions/using,no_hash_commit,2026-03-21T18:05:01Z
web/css,no_hash_commit,2026-03-21T18:05:01Z
web/css/reference/at-rules/@font-face,4d929bb0a021c7130d5a71a4bf505bcb8070378d,2026-03-21T18:05:01Z
web/css/reference/at-rules/@media/height,421deed53984505909884b3b290002b228d29e7b,2026-03-21T18:05:01Z
web/css/reference/at-rules/@namespace,0cc9980e3b21c83d1800a428bc402ae1865326b2,2026-03-21T18:05:01Z
web/css/reference/properties/--_star_,8dac6c62fc3cee2de82960d4dd9d9be16a3a1761,2026-03-21T18:05:01Z
web/css/reference/properties/animation-fill-mode,0cc9980e3b21c83d1800a428bc402ae1865326b2,2026-03-21T18:05:01Z
web/css/reference/properties/background-attachment,b17ca921175c0a92d21c6c4effbc7fa3dc348a8e,2026-03-21T18:05:01Z
web/css/reference/properties/background-color,0cc9980e3b21c83d1800a428bc402ae1865326b2,2026-03-21T18:05:01Z
web/css/reference/properties/border-bottom-color,0cc9980e3b21c83d1800a428bc402ae1865326b2,2026-03-21T18:05:01Z
web/css/reference/properties/border-color,0cc9980e3b21c83d1800a428bc402ae1865326b2,2026-03-21T18:05:01Z
web/css/reference/properties/border-image,0cc9980e3b21c83d1800a428bc402ae1865326b2,2026-03-21T18:05:01Z
web/css/reference/properties/border-left-color,0cc9980e3b21c83d1800a428bc402ae1865326b2,2026-03-21T18:05:01Z
web/css/reference/properties/border-right-color,fbee1ad6d6add1319ce3e8e977033385a915c635,2026-03-21T18:05:01Z
web/css/reference/properties/border-top-color,0cc9980e3b21c83d1800a428bc402ae1865326b2,2026-03-21T18:05:01Z
web/css/reference/properties/box-shadow,0cc9980e3b21c83d1800a428bc402ae1865326b2,2026-03-21T18:05:01Z
web/css/reference/properties/box-sizing,429d45679a29f386af0ddfcf2a64498843c3e1e5,2026-03-21T18:05:01Z
web/css/reference/properties/clip,758ddcdfb06f53955fa3c05dd32e7e4e53fd3009,2026-03-21T18:05:01Z
web/css/reference/properties/grid-template,no_hash_commit,2026-03-21T18:05:01Z
web/css/reference/properties/height,no_hash_commit,2026-03-21T18:05:01Z
web/css/reference/properties/ruby-position,no_hash_commit,2026-03-21T18:05:01Z
web/css/reference/properties/transform-origin,no_hash_commit,2026-03-21T18:05:01Z
web/css/reference/properties/transform,no_hash_commit,2026-03-21T18:05:01Z
web/css/reference/properties/transition-duration,no_hash_commit,2026-03-21T18:05:01Z
web/css/reference/properties/transition-timing-function,no_hash_commit,2026-03-21T18:05:01Z
web/css/reference/properties/transition,no_hash_commit,2026-03-21T18:05:01Z
web/css/reference/properties/white-space,no_hash_commit,2026-03-21T18:05:01Z
web/css/reference/properties/width,no_hash_commit,2026-03-21T18:05:01Z
web/css/reference/selectors/_colon_first-child,33a12980eb49cc795a41f15ec7a0181270ad3048,2026-03-21T18:05:01Z
web/css/reference/selectors/_colon_first-of-type,0cc9980e3b21c83d1800a428bc402ae1865326b2,2026-03-21T18:05:01Z
web/css/reference/selectors/_colon_lang,0cc9980e3b21c83d1800a428bc402ae1865326b2,2026-03-21T18:05:01Z
web/css/reference/selectors/_colon_target,e9b6cd1b7fa8612257b72b2a85a96dd7d45c0200,2026-03-21T18:05:01Z
web/css/reference/selectors/_doublecolon_first-letter,6d55eec58e38583da60aa635d41393ad051d1c6d,2026-03-21T18:05:01Z
web/css/reference/selectors/descendant_combinator,0cc9980e3b21c83d1800a428bc402ae1865326b2,2026-03-21T18:05:01Z
web/css/reference/selectors/pseudo-classes,no_hash_commit,2026-03-21T18:05:01Z
web/css/reference/selectors/type_selectors,no_hash_commit,2026-03-21T18:05:01Z
web/css/reference/values,93b85a5bc2b4589d93185263fd2c14381c36f821,2026-03-21T18:05:01Z
web/css/reference/values/transform-function/translate3d,f69b6693212029ce4b9fa0c753729044577af548,2026-03-21T18:05:01Z
web/html/guides/content_categories,no_hash_commit,2026-03-21T18:05:01Z
web/html/guides/quirks_mode_and_standards_mode,no_hash_commit,2026-03-21T18:05:01Z
web/html,f08eb478696946da474cf5c5ecdead4f5955f1b4,2026-03-21T18:05:01Z
web/html/reference/attributes,no_hash_commit,2026-03-21T18:05:01Z
web/html/reference/elements/a,no_hash_commit,2026-03-21T18:05:01Z
web/html/reference/elements/abbr,no_hash_commit,2026-03-21T18:05:01Z
web/html/reference/elements/acronym,no_hash_commit,2026-03-21T18:05:01Z
web/html/reference/elements/address,no_hash_commit,2026-03-21T18:05:01Z
web/html/reference/elements/area,no_hash_commit,2026-03-21T18:05:01Z
web/html/reference/elements/article,no_hash_commit,2026-03-21T18:05:01Z
web/html/reference/elements/aside,no_hash_commit,2026-03-21T18:05:01Z
web/html/reference/elements/audio,no_hash_commit,2026-03-21T18:05:01Z
web/html/reference/elements/b,no_hash_commit,2026-03-21T18:05:01Z
web/html/reference/elements/base,no_hash_commit,2026-03-21T18:05:01Z
web/html/reference/elements/bdi,no_hash_commit,2026-03-21T18:05:01Z
web/html/reference/elements/bdo,no_hash_commit,2026-03-21T18:05:01Z
web/html/reference/elements/big,no_hash_commit,2026-03-21T18:05:01Z
web/html/reference/elements/blockquote,no_hash_commit,2026-03-21T18:05:01Z
web/html/reference/elements/body,no_hash_commit,2026-03-21T18:05:01Z
web/html/reference/elements/br,no_hash_commit,2026-03-21T18:05:01Z
web/html/reference/elements/button,no_hash_commit,2026-03-21T18:05:01Z
web/html/reference/elements/canvas,no_hash_commit,2026-03-21T18:05:01Z
web/html/reference/elements/caption,no_hash_commit,2026-03-21T18:05:01Z
web/html/reference/elements/center,no_hash_commit,2026-03-21T18:05:01Z
web/html/reference/elements/cite,no_hash_commit,2026-03-21T18:05:01Z
web/html/reference/elements/code,no_hash_commit,2026-03-21T18:05:01Z
web/html/reference/elements/col,no_hash_commit,2026-03-21T18:05:01Z
web/html/reference/elements/colgroup,no_hash_commit,2026-03-21T18:05:01Z
web/html/reference/elements/data,no_hash_commit,2026-03-21T18:05:01Z
web/html/reference/elements/datalist,no_hash_commit,2026-03-21T18:05:01Z
web/html/reference/elements/dd,no_hash_commit,2026-03-21T18:05:01Z
web/html/reference/elements/del,no_hash_commit,2026-03-21T18:05:01Z
web/html/reference/elements/details,no_hash_commit,2026-03-21T18:05:01Z
web/html/reference/elements/dfn,no_hash_commit,2026-03-21T18:05:01Z
web/html/reference/elements/dir,no_hash_commit,2026-03-21T18:05:01Z
web/html/reference/elements/div,no_hash_commit,2026-03-21T18:05:01Z
web/html/reference/elements/dl,no_hash_commit,2026-03-21T18:05:01Z
web/html/reference/elements/dt,no_hash_commit,2026-03-21T18:05:01Z
web/html/reference/elements/em,no_hash_commit,2026-03-21T18:05:01Z
web/html/reference/elements/embed,no_hash_commit,2026-03-21T18:05:01Z
web/html/reference/elements/fencedframe,0754cd805a8e010d2e3a2a065f634a3bcf358252,2026-03-21T18:05:01Z
web/html/reference/elements/fieldset,no_hash_commit,2026-03-21T18:05:01Z
web/html/reference/elements/figcaption,no_hash_commit,2026-03-21T18:05:01Z
web/html/reference/elements/figure,no_hash_commit,2026-03-21T18:05:01Z
web/html/reference/elements/font,no_hash_commit,2026-03-21T18:05:01Z
web/html/reference/elements/footer,no_hash_commit,2026-03-21T18:05:01Z
web/html/reference/elements/form,no_hash_commit,2026-03-21T18:05:01Z
web/html/reference/elements/frame,no_hash_commit,2026-03-21T18:05:01Z
web/html/reference/elements/frameset,no_hash_commit,2026-03-21T18:05:01Z
web/html/reference/elements/head,no_hash_commit,2026-03-21T18:05:01Z
web/html/reference/elements/header,no_hash_commit,2026-03-21T18:05:01Z
web/html/reference/elements/heading_elements,no_hash_commit,2026-03-21T18:05:01Z
web/html/reference/elements/hgroup,no_hash_commit,2026-03-21T18:05:01Z
web/html/reference/elements/hr,no_hash_commit,2026-03-21T18:05:01Z
web/html/reference/elements/html,no_hash_commit,2026-03-21T18:05:01Z
web/html/reference/elements/i,no_hash_commit,2026-03-21T18:05:01Z
web/html/reference/elements/input/submit,no_hash_commit,2026-03-21T18:05:01Z
web/html/reference/elements/ins,no_hash_commit,2026-03-21T18:05:01Z
web/html/reference/elements/map,no_hash_commit,2026-03-21T18:05:01Z
web/html/reference/elements/marquee,no_hash_commit,2026-03-21T18:05:01Z
web/html/reference/elements/meta/name,3e543cdfe8dddfb4774a64bf3decdcbab42a4111,2026-03-21T18:05:01Z
web/html/reference/elements/nav,no_hash_commit,2026-03-21T18:05:01Z
web/html/reference/elements/noscript,no_hash_commit,2026-03-21T18:05:01Z
web/html/reference/elements/p,no_hash_commit,2026-03-21T18:05:01Z
web/html/reference/elements/picture,no_hash_commit,2026-03-21T18:05:01Z
web/html/reference/elements/pre,no_hash_commit,2026-03-21T18:05:01Z
web/html/reference/elements/progress,no_hash_commit,2026-03-21T18:05:01Z
web/html/reference/elements/q,no_hash_commit,2026-03-21T18:05:01Z
web/html/reference/elements/rb,no_hash_commit,2026-03-21T18:05:01Z
web/html/reference/elements/rp,no_hash_commit,2026-03-21T18:05:01Z
web/html/reference/elements/rt,no_hash_commit,2026-03-21T18:05:01Z
web/html/reference/elements/ruby,no_hash_commit,2026-03-21T18:05:01Z
web/html/reference/elements/samp,no_hash_commit,2026-03-21T18:05:01Z
web/html/reference/elements/script,no_hash_commit,2026-03-21T18:05:01Z
web/html/reference/elements/search,no_hash_commit,2026-03-21T18:05:01Z
web/html/reference/elements/section,no_hash_commit,2026-03-21T18:05:01Z
web/html/reference/elements/small,no_hash_commit,2026-03-21T18:05:01Z
web/html/reference/elements/span,no_hash_commit,2026-03-21T18:05:01Z
web/html/reference/elements/table,no_hash_commit,2026-03-21T18:05:01Z
web/html/reference/elements/template,no_hash_commit,2026-03-21T18:05:01Z
web/html/reference/elements/time,no_hash_commit,2026-03-21T18:05:01Z
web/html/reference/elements/title,no_hash_commit,2026-03-21T18:05:01Z
web/html/reference/elements/tt,no_hash_commit,2026-03-21T18:05:01Z
web/html/reference/elements/ul,no_hash_commit,2026-03-21T18:05:01Z
web/html/reference/elements/var,no_hash_commit,2026-03-21T18:05:01Z
web/html/reference/elements/wbr,no_hash_commit,2026-03-21T18:05:01Z
web/html/reference/elements/xmp,no_hash_commit,2026-03-21T18:05:01Z
web/html/reference/global_attributes/class,fbee1ad6d6add1319ce3e8e977033385a915c635,2026-03-21T18:05:01Z
web/html/reference/global_attributes/data-_star_,no_hash_commit,2026-03-21T18:05:01Z
web/html/reference/global_attributes/spellcheck,0754cd805a8e010d2e3a2a065f634a3bcf358252,2026-03-21T18:05:01Z
web/html/reference/global_attributes/style,0754cd805a8e010d2e3a2a065f634a3bcf358252,2026-03-21T18:05:01Z
web/html/reference/global_attributes/title,7885271e36e9d2744296c01f400653f63caa6f75,2026-03-21T18:05:01Z
web/html/reference,0754cd805a8e010d2e3a2a065f634a3bcf358252,2026-03-21T18:05:01Z
web/http/guides/browser_detection_using_the_user_agent,no_hash_commit,2026-03-21T18:05:01Z
web/http/guides/caching,no_hash_commit,2026-03-21T18:05:01Z
web/http/guides/cookies,86fa532a00024e7c85a4c0d6339adce8b1bd9f61,2026-03-21T18:05:01Z
web/http/guides/cors,3c29ffa78c551ea6a61bbb795a5f97a66c6868c0,2026-03-21T18:05:01Z
web/http/guides/cross-origin_resource_policy,702cd9e4d2834e13aea345943efc8d0c03d92ec9,2026-03-21T18:05:01Z
web/http/guides/mime_types/common_types,ad5b5e31f81795d692e66dadb7818ba8b220ad15,2026-03-21T18:05:01Z
web/http/guides/network_error_logging,ad5b5e31f81795d692e66dadb7818ba8b220ad15,2026-03-21T18:05:01Z
web/http/guides/protocol_upgrade_mechanism,no_hash_commit,2026-03-21T18:05:01Z
web/http/guides/session,cb8143261f5cd54788285574ab0c427ba3f01a04,2026-03-21T18:05:01Z
web/http,no_hash_commit,2026-03-21T18:05:01Z
web/http/reference/headers/accept-ch,ee756fd51ccbc4820a4b334aa753648650ad1d51,2026-03-21T18:05:01Z
web/http/reference/headers/accept-encoding,ee756fd51ccbc4820a4b334aa753648650ad1d51,2026-03-21T18:05:01Z
web/http/reference/headers/accept-language,ad5b5e31f81795d692e66dadb7818ba8b220ad15,2026-03-21T18:05:01Z
web/http/reference/headers/accept-patch,ad5b5e31f81795d692e66dadb7818ba8b220ad15,2026-03-21T18:05:01Z
web/http/reference/headers/accept-post,ee756fd51ccbc4820a4b334aa753648650ad1d51,2026-03-21T18:05:01Z
web/http/reference/headers/accept-ranges,ee756fd51ccbc4820a4b334aa753648650ad1d51,2026-03-21T18:05:01Z
web/http/reference/headers/accept,ee756fd51ccbc4820a4b334aa753648650ad1d51,2026-03-21T18:05:01Z
web/http/reference/headers/access-control-allow-credentials,ad5b5e31f81795d692e66dadb7818ba8b220ad15,2026-03-21T18:05:01Z
web/http/reference/headers/access-control-allow-headers,38fb31b12de1019a538e868a90dd4dd4858e4871,2026-03-21T18:05:01Z
web/http/reference/headers/age,ee756fd51ccbc4820a4b334aa753648650ad1d51,2026-03-21T18:05:01Z
web/http/reference/headers/allow,ee756fd51ccbc4820a4b334aa753648650ad1d51,2026-03-21T18:05:01Z
web/http/reference/headers/authorization,a84b606ffd77c40a7306be6c932a74ab9ce6ab96,2026-03-21T18:05:01Z
web/http/reference/headers/cache-control,no_hash_commit,2026-03-21T18:05:01Z
web/http/reference/headers/connection,no_hash_commit,2026-03-21T18:05:01Z
web/http/reference/headers/content-type,ad5b5e31f81795d692e66dadb7818ba8b220ad15,2026-03-21T18:05:01Z
web/http/reference/headers/cookie,no_hash_commit,2026-03-21T18:05:01Z
web/http/reference/headers/date,no_hash_commit,2026-03-21T18:05:01Z
web/http/reference/headers/dnt,no_hash_commit,2026-03-21T18:05:01Z
web/http/reference/headers/etag,no_hash_commit,2026-03-21T18:05:01Z
web/http/reference/headers/server,ee756fd51ccbc4820a4b334aa753648650ad1d51,2026-03-21T18:05:01Z
web/http/reference/headers/strict-transport-security,4d929bb0a021c7130d5a71a4bf505bcb8070378d,2026-03-21T18:05:01Z
web/http/reference/headers/user-agent,ee756fd51ccbc4820a4b334aa753648650ad1d51,2026-03-21T18:05:01Z
web/http/reference/headers/x-forwarded-for,no_hash_commit,2026-03-21T18:05:01Z
web/http/reference/headers/x-frame-options,no_hash_commit,2026-03-21T18:05:01Z
web/http/reference/headers/x-robots-tag,466ca1db767535c1aa9984b4e6c0db41b3a53475,2026-03-21T18:05:01Z
web/http/reference/methods/connect,8a9085b96d0135920be9b281d4500ff72a7a8369,2026-03-21T18:05:01Z
web/http/reference/methods/delete,ee756fd51ccbc4820a4b334aa753648650ad1d51,2026-03-21T18:05:01Z
web/http/reference/methods/get,0880a90f3811475d78bc4b2c344eb4146f25f66c,2026-03-21T18:05:01Z
web/http/reference/methods/head,0880a90f3811475d78bc4b2c344eb4146f25f66c,2026-03-21T18:05:01Z
web/http/reference/methods,ad5b5e31f81795d692e66dadb7818ba8b220ad15,2026-03-21T18:05:01Z
web/http/reference/methods/options,ee756fd51ccbc4820a4b334aa753648650ad1d51,2026-03-21T18:05:01Z
web/http/reference/methods/patch,3138c50f08e9fba1176aa77dbbfdb33e22357ddd,2026-03-21T18:05:01Z
web/http/reference/methods/post,369b8ec2c87b6c5b01d1527fddb6810ded3be782,2026-03-21T18:05:01Z
web/http/reference/methods/put,0880a90f3811475d78bc4b2c344eb4146f25f66c,2026-03-21T18:05:01Z
web/http/reference/methods/trace,f1177f3b139cce429083f12bb4b3dca8e9140f58,2026-03-21T18:05:01Z
web/http/reference/status/100,ad5b5e31f81795d692e66dadb7818ba8b220ad15,2026-03-21T18:05:01Z
web/http/reference/status/101,ad5b5e31f81795d692e66dadb7818ba8b220ad15,2026-03-21T18:05:01Z
web/http/reference/status/102,ad5b5e31f81795d692e66dadb7818ba8b220ad15,2026-03-21T18:05:01Z
web/http/reference/status/103,e9b6cd1b7fa8612257b72b2a85a96dd7d45c0200,2026-03-21T18:05:01Z
web/http/reference/status/200,ad5b5e31f81795d692e66dadb7818ba8b220ad15,2026-03-21T18:05:01Z
web/http/reference/status/201,4d929bb0a021c7130d5a71a4bf505bcb8070378d,2026-03-21T18:05:01Z
web/http/reference/status/202,ad5b5e31f81795d692e66dadb7818ba8b220ad15,2026-03-21T18:05:01Z
web/http/reference/status/203,ad5b5e31f81795d692e66dadb7818ba8b220ad15,2026-03-21T18:05:01Z
web/http/reference/status/204,c212cfca9809021001637344831487029f1b8887,2026-03-21T18:05:01Z
web/http/reference/status/205,ad5b5e31f81795d692e66dadb7818ba8b220ad15,2026-03-21T18:05:01Z
web/http/reference/status/206,ad5b5e31f81795d692e66dadb7818ba8b220ad15,2026-03-21T18:05:01Z
web/http/reference/status/207,ad5b5e31f81795d692e66dadb7818ba8b220ad15,2026-03-21T18:05:01Z
web/http/reference/status/208,ad5b5e31f81795d692e66dadb7818ba8b220ad15,2026-03-21T18:05:01Z
web/http/reference/status/226,ad5b5e31f81795d692e66dadb7818ba8b220ad15,2026-03-21T18:05:01Z
web/http/reference/status/300,ad5b5e31f81795d692e66dadb7818ba8b220ad15,2026-03-21T18:05:01Z
web/http/reference/status/301,ad5b5e31f81795d692e66dadb7818ba8b220ad15,2026-03-21T18:05:01Z
web/http/reference/status/302,ad5b5e31f81795d692e66dadb7818ba8b220ad15,2026-03-21T18:05:01Z
web/http/reference/status/303,ad5b5e31f81795d692e66dadb7818ba8b220ad15,2026-03-21T18:05:01Z
web/http/reference/status/304,ad5b5e31f81795d692e66dadb7818ba8b220ad15,2026-03-21T18:05:01Z
web/http/reference/status/307,ad5b5e31f81795d692e66dadb7818ba8b220ad15,2026-03-21T18:05:01Z
web/http/reference/status/308,ad5b5e31f81795d692e66dadb7818ba8b220ad15,2026-03-21T18:05:01Z
web/http/reference/status/400,ad5b5e31f81795d692e66dadb7818ba8b220ad15,2026-03-21T18:05:01Z
web/http/reference/status/401,ad5b5e31f81795d692e66dadb7818ba8b220ad15,2026-03-21T18:05:01Z
web/http/reference/status/402,ad5b5e31f81795d692e66dadb7818ba8b220ad15,2026-03-21T18:05:01Z
web/http/reference/status/403,ad5b5e31f81795d692e66dadb7818ba8b220ad15,2026-03-21T18:05:01Z
web/http/reference/status/404,ad5b5e31f81795d692e66dadb7818ba8b220ad15,2026-03-21T18:05:01Z
web/http/reference/status/405,ad5b5e31f81795d692e66dadb7818ba8b220ad15,2026-03-21T18:05:01Z
web/http/reference/status/406,ad5b5e31f81795d692e66dadb7818ba8b220ad15,2026-03-21T18:05:01Z
web/http/reference/status/407,ad5b5e31f81795d692e66dadb7818ba8b220ad15,2026-03-21T18:05:01Z
web/http/reference/status/408,ad5b5e31f81795d692e66dadb7818ba8b220ad15,2026-03-21T18:05:01Z
web/http/reference/status/409,ad5b5e31f81795d692e66dadb7818ba8b220ad15,2026-03-21T18:05:01Z
web/http/reference/status/410,ad5b5e31f81795d692e66dadb7818ba8b220ad15,2026-03-21T18:05:01Z
web/http/reference/status/411,ad5b5e31f81795d692e66dadb7818ba8b220ad15,2026-03-21T18:05:01Z
web/http/reference/status/412,ad5b5e31f81795d692e66dadb7818ba8b220ad15,2026-03-21T18:05:01Z
web/http/reference/status/413,ad5b5e31f81795d692e66dadb7818ba8b220ad15,2026-03-21T18:05:01Z
web/http/reference/status/414,ad5b5e31f81795d692e66dadb7818ba8b220ad15,2026-03-21T18:05:01Z
web/http/reference/status/415,ad5b5e31f81795d692e66dadb7818ba8b220ad15,2026-03-21T18:05:01Z
web/http/reference/status/416,ad5b5e31f81795d692e66dadb7818ba8b220ad15,2026-03-21T18:05:01Z
web/http/reference/status/417,ad5b5e31f81795d692e66dadb7818ba8b220ad15,2026-03-21T18:05:01Z
web/http/reference/status/418,4d929bb0a021c7130d5a71a4bf505bcb8070378d,2026-03-21T18:05:01Z
web/http/reference/status/421,a52689c74c6c89f45c54447bb148e54ed320db62,2026-03-21T18:05:01Z
web/http/reference/status/422,ad5b5e31f81795d692e66dadb7818ba8b220ad15,2026-03-21T18:05:01Z
web/http/reference/status/423,ad5b5e31f81795d692e66dadb7818ba8b220ad15,2026-03-21T18:05:01Z
web/http/reference/status/424,ad5b5e31f81795d692e66dadb7818ba8b220ad15,2026-03-21T18:05:01Z
web/http/reference/status/425,4d929bb0a021c7130d5a71a4bf505bcb8070378d,2026-03-21T18:05:01Z
web/http/reference/status/426,ad5b5e31f81795d692e66dadb7818ba8b220ad15,2026-03-21T18:05:01Z
web/http/reference/status/428,ad5b5e31f81795d692e66dadb7818ba8b220ad15,2026-03-21T18:05:01Z
web/http/reference/status/429,ad5b5e31f81795d692e66dadb7818ba8b220ad15,2026-03-21T18:05:01Z
web/http/reference/status/431,4d929bb0a021c7130d5a71a4bf505bcb8070378d,2026-03-21T18:05:01Z
web/http/reference/status/451,ad5b5e31f81795d692e66dadb7818ba8b220ad15,2026-03-21T18:05:01Z
web/http/reference/status/500,ad5b5e31f81795d692e66dadb7818ba8b220ad15,2026-03-21T18:05:01Z
web/http/reference/status/501,ad5b5e31f81795d692e66dadb7818ba8b220ad15,2026-03-21T18:05:01Z
web/http/reference/status/502,4d929bb0a021c7130d5a71a4bf505bcb8070378d,2026-03-21T18:05:01Z
web/http/reference/status/503,ad5b5e31f81795d692e66dadb7818ba8b220ad15,2026-03-21T18:05:01Z
web/http/reference/status/504,ad5b5e31f81795d692e66dadb7818ba8b220ad15,2026-03-21T18:05:01Z
web/http/reference/status/505,ad5b5e31f81795d692e66dadb7818ba8b220ad15,2026-03-21T18:05:01Z
web/http/reference/status/506,ad5b5e31f81795d692e66dadb7818ba8b220ad15,2026-03-21T18:05:01Z
web/http/reference/status/507,ad5b5e31f81795d692e66dadb7818ba8b220ad15,2026-03-21T18:05:01Z
web/http/reference/status/508,ad5b5e31f81795d692e66dadb7818ba8b220ad15,2026-03-21T18:05:01Z
web/http/reference/status/510,ad5b5e31f81795d692e66dadb7818ba8b220ad15,2026-03-21T18:05:01Z
web/http/reference/status/511,ad5b5e31f81795d692e66dadb7818ba8b220ad15,2026-03-21T18:05:01Z
web/http/reference/status,e9b6cd1b7fa8612257b72b2a85a96dd7d45c0200,2026-03-21T18:05:01Z
web,05187b0fecf39b9176d4a101623589309cf44dd0,2026-03-21T18:05:01Z
web/javascript/guide/closures,no_hash_commit,2026-03-21T18:05:01Z
web/javascript/guide/control_flow_and_error_handling,no_hash_commit,2026-03-21T18:05:01Z
web/javascript/guide/data_structures,no_hash_commit,2026-03-21T18:05:01Z
web/javascript/guide/equality_comparisons_and_sameness,no_hash_commit,2026-03-21T18:05:01Z
web/javascript/guide/expressions_and_operators,no_hash_commit,2026-03-21T18:05:01Z
web/javascript/guide/functions,no_hash_commit,2026-03-21T18:05:01Z
web/javascript/guide/grammar_and_types,no_hash_commit,2026-03-21T18:05:01Z
web/javascript/guide,no_hash_commit,2026-03-21T18:05:01Z
web/javascript/guide/inheritance_and_the_prototype_chain,no_hash_commit,2026-03-21T18:05:01Z
web/javascript/guide/introduction,no_hash_commit,2026-03-21T18:05:01Z
web/javascript/guide/language_overview,no_hash_commit,2026-03-21T18:05:01Z
web/javascript/guide/loops_and_iteration,no_hash_commit,2026-03-21T18:05:01Z
web/javascript/guide/memory_management,no_hash_commit,2026-03-21T18:05:01Z
web/javascript/guide/numbers_and_strings,no_hash_commit,2026-03-21T18:05:01Z
web/javascript/guide/regular_expressions,no_hash_commit,2026-03-21T18:05:01Z
web/javascript/guide/typed_arrays,no_hash_commit,2026-03-21T18:05:01Z
web/javascript/guide/using_promises,no_hash_commit,2026-03-21T18:05:01Z
web/javascript,no_hash_commit,2026-03-21T18:05:01Z
web/javascript/reference/classes/constructor,no_hash_commit,2026-03-21T18:05:01Z
web/javascript/reference/classes/extends,no_hash_commit,2026-03-21T18:05:01Z
web/javascript/reference/classes,no_hash_commit,2026-03-21T18:05:01Z
web/javascript/reference/classes/static,no_hash_commit,2026-03-21T18:05:01Z
web/javascript/reference/errors/bad_return,fad67be4431d8e6c2a89ac880735233aa76c41d4,2026-03-21T18:05:01Z
web/javascript/reference/errors,fad67be4431d8e6c2a89ac880735233aa76c41d4,2026-03-21T18:05:01Z
web/javascript/reference/errors/invalid_array_length,fad67be4431d8e6c2a89ac880735233aa76c41d4,2026-03-21T18:05:01Z
web/javascript/reference/errors/missing_curly_after_property_list,fad67be4431d8e6c2a89ac880735233aa76c41d4,2026-03-21T18:05:01Z
web/javascript/reference/errors/no_properties,fad67be4431d8e6c2a89ac880735233aa76c41d4,2026-03-21T18:05:01Z
web/javascript/reference/errors/not_a_function,fad67be4431d8e6c2a89ac880735233aa76c41d4,2026-03-21T18:05:01Z
web/javascript/reference/errors/not_defined,fad67be4431d8e6c2a89ac880735233aa76c41d4,2026-03-21T18:05:01Z
web/javascript/reference/errors/redeclared_parameter,fad67be4431d8e6c2a89ac880735233aa76c41d4,2026-03-21T18:05:01Z
web/javascript/reference/errors/too_much_recursion,fad67be4431d8e6c2a89ac880735233aa76c41d4,2026-03-21T18:05:01Z
web/javascript/reference/errors/unexpected_type,fad67be4431d8e6c2a89ac880735233aa76c41d4,2026-03-21T18:05:01Z
web/javascript/reference/execution_model,no_hash_commit,2026-03-21T18:05:01Z
web/javascript/reference/functions/arrow_functions,no_hash_commit,2026-03-21T18:05:01Z
web/javascript/reference/functions/default_parameters,fad67be4431d8e6c2a89ac880735233aa76c41d4,2026-03-21T18:05:01Z
web/javascript/reference/functions/get,no_hash_commit,2026-03-21T18:05:01Z
web/javascript/reference/functions/method_definitions,no_hash_commit,2026-03-21T18:05:01Z
web/javascript/reference/functions/rest_parameters,no_hash_commit,2026-03-21T18:05:01Z
web/javascript/reference/functions/set,no_hash_commit,2026-03-21T18:05:01Z
web/javascript/reference/global_objects/array/concat,544b843570cb08d1474cfc5ec03ffb9f4edc0166,2026-03-21T18:05:01Z
web/javascript/reference/global_objects/array/copywithin,544b843570cb08d1474cfc5ec03ffb9f4edc0166,2026-03-21T18:05:01Z
web/javascript/reference/global_objects/array/entries,544b843570cb08d1474cfc5ec03ffb9f4edc0166,2026-03-21T18:05:01Z
web/javascript/reference/global_objects/array/fill,544b843570cb08d1474cfc5ec03ffb9f4edc0166,2026-03-21T18:05:01Z
web/javascript/reference/global_objects/array/filter,544b843570cb08d1474cfc5ec03ffb9f4edc0166,2026-03-21T18:05:01Z
web/javascript/reference/global_objects/array/find,544b843570cb08d1474cfc5ec03ffb9f4edc0166,2026-03-21T18:05:01Z
web/javascript/reference/global_objects/array/findindex,no_hash_commit,2026-03-21T18:05:01Z
web/javascript/reference/global_objects/array/flat,no_hash_commit,2026-03-21T18:05:01Z
web/javascript/reference/global_objects/array/from,no_hash_commit,2026-03-21T18:05:01Z
web/javascript/reference/global_objects/array/includes,no_hash_commit,2026-03-21T18:05:01Z
web/javascript/reference/global_objects/array,no_hash_commit,2026-03-21T18:05:01Z
web/javascript/reference/global_objects/array/indexof,no_hash_commit,2026-03-21T18:05:01Z
web/javascript/reference/global_objects/array/isarray,no_hash_commit,2026-03-21T18:05:01Z
web/javascript/reference/global_objects/array/join,no_hash_commit,2026-03-21T18:05:01Z
web/javascript/reference/global_objects/array/keys,no_hash_commit,2026-03-21T18:05:01Z
web/javascript/reference/global_objects/array/lastindexof,no_hash_commit,2026-03-21T18:05:01Z
web/javascript/reference/global_objects/array/length,no_hash_commit,2026-03-21T18:05:01Z
web/javascript/reference/global_objects/array/map,no_hash_commit,2026-03-21T18:05:01Z
web/javascript/reference/global_objects/array/of,no_hash_commit,2026-03-21T18:05:01Z
web/javascript/reference/global_objects/array/pop,no_hash_commit,2026-03-21T18:05:01Z
web/javascript/reference/global_objects/array/push,no_hash_commit,2026-03-21T18:05:01Z
web/javascript/reference/global_objects/array/reduce,no_hash_commit,2026-03-21T18:05:01Z
web/javascript/reference/global_objects/array/reverse,no_hash_commit,2026-03-21T18:05:01Z
web/javascript/reference/global_objects/array/shift,no_hash_commit,2026-03-21T18:05:01Z
web/javascript/reference/global_objects/array/slice,no_hash_commit,2026-03-21T18:05:01Z
web/javascript/reference/global_objects/array/sort,no_hash_commit,2026-03-21T18:05:01Z
web/javascript/reference/global_objects/array/splice,no_hash_commit,2026-03-21T18:05:01Z
web/javascript/reference/global_objects/array/symbol.iterator,no_hash_commit,2026-03-21T18:05:01Z
web/javascript/reference/global_objects/array/tostring,no_hash_commit,2026-03-21T18:05:01Z
web/javascript/reference/global_objects/array/unshift,no_hash_commit,2026-03-21T18:05:01Z
web/javascript/reference/global_objects/array/values,no_hash_commit,2026-03-21T18:05:01Z
web/javascript/reference/global_objects/arraybuffer,no_hash_commit,2026-03-21T18:05:01Z
web/javascript/reference/global_objects/bigint,no_hash_commit,2026-03-21T18:05:01Z
web/javascript/reference/global_objects/boolean,no_hash_commit,2026-03-21T18:05:01Z
web/javascript/reference/global_objects/date/getday,544b843570cb08d1474cfc5ec03ffb9f4edc0166,2026-03-21T18:05:01Z
web/javascript/reference/global_objects/date/gethours,544b843570cb08d1474cfc5ec03ffb9f4edc0166,2026-03-21T18:05:01Z
web/javascript/reference/global_objects/date/getmilliseconds,544b843570cb08d1474cfc5ec03ffb9f4edc0166,2026-03-21T18:05:01Z
web/javascript/reference/global_objects/date/getminutes,544b843570cb08d1474cfc5ec03ffb9f4edc0166,2026-03-21T18:05:01Z
web/javascript/reference/global_objects/date/getseconds,544b843570cb08d1474cfc5ec03ffb9f4edc0166,2026-03-21T18:05:01Z
web/javascript/reference/global_objects/date/gettime,544b843570cb08d1474cfc5ec03ffb9f4edc0166,2026-03-21T18:05:01Z
web/javascript/reference/global_objects/date/getutchours,544b843570cb08d1474cfc5ec03ffb9f4edc0166,2026-03-21T18:05:01Z
web/javascript/reference/global_objects/date/getutcmilliseconds,544b843570cb08d1474cfc5ec03ffb9f4edc0166,2026-03-21T18:05:01Z
web/javascript/reference/global_objects/date/getutcminutes,544b843570cb08d1474cfc5ec03ffb9f4edc0166,2026-03-21T18:05:01Z
web/javascript/reference/global_objects/date/getutcseconds,544b843570cb08d1474cfc5ec03ffb9f4edc0166,2026-03-21T18:05:01Z
web/javascript/reference/global_objects/date,b3840f6234d24ade72a43171fd6489dd533aaf15,2026-03-21T18:05:01Z
web/javascript/reference/global_objects/date/now,544b843570cb08d1474cfc5ec03ffb9f4edc0166,2026-03-21T18:05:01Z
web/javascript/reference/global_objects/date/parse,544b843570cb08d1474cfc5ec03ffb9f4edc0166,2026-03-21T18:05:01Z
web/javascript/reference/global_objects/date/sethours,b3840f6234d24ade72a43171fd6489dd533aaf15,2026-03-21T18:05:01Z
web/javascript/reference/global_objects/date/settime,544b843570cb08d1474cfc5ec03ffb9f4edc0166,2026-03-21T18:05:01Z
web/javascript/reference/global_objects/date/setutchours,544b843570cb08d1474cfc5ec03ffb9f4edc0166,2026-03-21T18:05:01Z
web/javascript/reference/global_objects/date/utc,544b843570cb08d1474cfc5ec03ffb9f4edc0166,2026-03-21T18:05:01Z
web/javascript/reference/global_objects/date/valueof,544b843570cb08d1474cfc5ec03ffb9f4edc0166,2026-03-21T18:05:01Z
web/javascript/reference/global_objects/error/columnnumber,544b843570cb08d1474cfc5ec03ffb9f4edc0166,2026-03-21T18:05:01Z
web/javascript/reference/global_objects/function/apply,no_hash_commit,2026-03-21T18:05:01Z
web/javascript/reference/global_objects/function/bind,no_hash_commit,2026-03-21T18:05:01Z
web/javascript/reference/global_objects/function/call,no_hash_commit,2026-03-21T18:05:01Z
web/javascript/reference/global_objects/function/length,no_hash_commit,2026-03-21T18:05:01Z
web/javascript/reference/global_objects,no_hash_commit,2026-03-21T18:05:01Z
web/javascript/reference/global_objects/infinity,fad67be4431d8e6c2a89ac880735233aa76c41d4,2026-03-21T18:05:01Z
web/javascript/reference/global_objects/isnan,no_hash_commit,2026-03-21T18:05:01Z
web/javascript/reference/global_objects/json,no_hash_commit,2026-03-21T18:05:01Z
web/javascript/reference/global_objects/json/parse,no_hash_commit,2026-03-21T18:05:01Z
web/javascript/reference/global_objects/map,no_hash_commit,2026-03-21T18:05:01Z
web/javascript/reference/global_objects/math/abs,544b843570cb08d1474cfc5ec03ffb9f4edc0166,2026-03-21T18:05:01Z
web/javascript/reference/global_objects/math/acos,0fb5a7e4cc045ba0b1dc453624f196309d9bea10,2026-03-21T18:05:01Z
web/javascript/reference/global_objects/math/acosh,544b843570cb08d1474cfc5ec03ffb9f4edc0166,2026-03-21T18:05:01Z
web/javascript/reference/global_objects/math/asin,0fb5a7e4cc045ba0b1dc453624f196309d9bea10,2026-03-21T18:05:01Z
web/javascript/reference/global_objects/math/asinh,544b843570cb08d1474cfc5ec03ffb9f4edc0166,2026-03-21T18:05:01Z
web/javascript/reference/global_objects/math/atan,0fb5a7e4cc045ba0b1dc453624f196309d9bea10,2026-03-21T18:05:01Z
web/javascript/reference/global_objects/math/atan2,b6cab42cf7baf925f2ef6a2c98db0778d9c2ec46,2026-03-21T18:05:01Z
web/javascript/reference/global_objects/math/atanh,544b843570cb08d1474cfc5ec03ffb9f4edc0166,2026-03-21T18:05:01Z
web/javascript/reference/global_objects/math/ceil,544b843570cb08d1474cfc5ec03ffb9f4edc0166,2026-03-21T18:05:01Z
web/javascript/reference/global_objects/math/e,544b843570cb08d1474cfc5ec03ffb9f4edc0166,2026-03-21T18:05:01Z
web/javascript/reference/global_objects/math/floor,544b843570cb08d1474cfc5ec03ffb9f4edc0166,2026-03-21T18:05:01Z
web/javascript/reference/global_objects/math,no_hash_commit,2026-03-21T18:05:01Z
web/javascript/reference/global_objects/math/ln10,544b843570cb08d1474cfc5ec03ffb9f4edc0166,2026-03-21T18:05:01Z
web/javascript/reference/global_objects/math/log2e,544b843570cb08d1474cfc5ec03ffb9f4edc0166,2026-03-21T18:05:01Z
web/javascript/reference/global_objects/math/random,544b843570cb08d1474cfc5ec03ffb9f4edc0166,2026-03-21T18:05:01Z
web/javascript/reference/global_objects/math/round,no_hash_commit,2026-03-21T18:05:01Z
web/javascript/reference/global_objects/nan,fad67be4431d8e6c2a89ac880735233aa76c41d4,2026-03-21T18:05:01Z
web/javascript/reference/global_objects/number,no_hash_commit,2026-03-21T18:05:01Z
web/javascript/reference/global_objects/number/toexponential,no_hash_commit,2026-03-21T18:05:01Z
web/javascript/reference/global_objects/number/tofixed,no_hash_commit,2026-03-21T18:05:01Z
web/javascript/reference/global_objects/object/assign,no_hash_commit,2026-03-21T18:05:01Z
web/javascript/reference/global_objects/object/create,no_hash_commit,2026-03-21T18:05:01Z
web/javascript/reference/global_objects/object/defineproperty,no_hash_commit,2026-03-21T18:05:01Z
web/javascript/reference/global_objects/object/entries,b6cab42cf7baf925f2ef6a2c98db0778d9c2ec46,2026-03-21T18:05:01Z
web/javascript/reference/global_objects/object/freeze,no_hash_commit,2026-03-21T18:05:01Z
web/javascript/reference/global_objects/object/getprototypeof,no_hash_commit,2026-03-21T18:05:01Z
web/javascript/reference/global_objects/object/hasownproperty,no_hash_commit,2026-03-21T18:05:01Z
web/javascript/reference/global_objects/object/keys,no_hash_commit,2026-03-21T18:05:01Z
web/javascript/reference/global_objects/object/preventextensions,no_hash_commit,2026-03-21T18:05:01Z
web/javascript/reference/global_objects/parseint,no_hash_commit,2026-03-21T18:05:01Z
web/javascript/reference/global_objects/promise/all,no_hash_commit,2026-03-21T18:05:01Z
web/javascript/reference/global_objects/promise/catch,no_hash_commit,2026-03-21T18:05:01Z
web/javascript/reference/global_objects/promise/finally,no_hash_commit,2026-03-21T18:05:01Z
web/javascript/reference/global_objects/promise,no_hash_commit,2026-03-21T18:05:01Z
web/javascript/reference/global_objects/promise/race,no_hash_commit,2026-03-21T18:05:01Z
web/javascript/reference/global_objects/promise/reject,no_hash_commit,2026-03-21T18:05:01Z
web/javascript/reference/global_objects/promise/resolve,no_hash_commit,2026-03-21T18:05:01Z
web/javascript/reference/global_objects/promise/then,no_hash_commit,2026-03-21T18:05:01Z
web/javascript/reference/global_objects/rangeerror,no_hash_commit,2026-03-21T18:05:01Z
web/javascript/reference/global_objects/set/add,no_hash_commit,2026-03-21T18:05:01Z
web/javascript/reference/global_objects/set/clear,no_hash_commit,2026-03-21T18:05:01Z
web/javascript/reference/global_objects/set/delete,no_hash_commit,2026-03-21T18:05:01Z
web/javascript/reference/global_objects/set/entries,no_hash_commit,2026-03-21T18:05:01Z
web/javascript/reference/global_objects/set/has,no_hash_commit,2026-03-21T18:05:01Z
web/javascript/reference/global_objects/set,no_hash_commit,2026-03-21T18:05:01Z
web/javascript/reference/global_objects/set/values,no_hash_commit,2026-03-21T18:05:01Z
web/javascript/reference/global_objects/string/concat,no_hash_commit,2026-03-21T18:05:01Z
web/javascript/reference/global_objects/string,no_hash_commit,2026-03-21T18:05:01Z
web/javascript/reference/global_objects/string/localecompare,no_hash_commit,2026-03-21T18:05:01Z
web/javascript/reference/global_objects/string/padstart,no_hash_commit,2026-03-21T18:05:01Z
web/javascript/reference/global_objects/string/tolowercase,no_hash_commit,2026-03-21T18:05:01Z
web/javascript/reference/global_objects/string/trim,no_hash_commit,2026-03-21T18:05:01Z
web/javascript/reference/global_objects/urierror,544b843570cb08d1474cfc5ec03ffb9f4edc0166,2026-03-21T18:05:01Z
web/javascript/reference,no_hash_commit,2026-03-21T18:05:01Z
web/javascript/reference/iteration_protocols,no_hash_commit,2026-03-21T18:05:01Z
web/javascript/reference/javascript_technologies_overview,no_hash_commit,2026-03-21T18:05:01Z
web/javascript/reference/lexical_grammar,no_hash_commit,2026-03-21T18:05:01Z
web/javascript/reference/operators/addition,fad67be4431d8e6c2a89ac880735233aa76c41d4,2026-03-21T18:05:01Z
web/javascript/reference/operators/await,no_hash_commit,2026-03-21T18:05:01Z
web/javascript/reference/operators/conditional_operator,no_hash_commit,2026-03-21T18:05:01Z
web/javascript/reference/operators/decrement,no_hash_commit,2026-03-21T18:05:01Z
web/javascript/reference/operators/delete,no_hash_commit,2026-03-21T18:05:01Z
web/javascript/reference/operators/destructuring,no_hash_commit,2026-03-21T18:05:01Z
web/javascript/reference/operators/division,no_hash_commit,2026-03-21T18:05:01Z
web/javascript/reference/operators/exponentiation,no_hash_commit,2026-03-21T18:05:01Z
web/javascript/reference/operators/increment,no_hash_commit,2026-03-21T18:05:01Z
web/javascript/reference/operators,no_hash_commit,2026-03-21T18:05:01Z
web/javascript/reference/operators/multiplication,no_hash_commit,2026-03-21T18:05:01Z
web/javascript/reference/operators/new,no_hash_commit,2026-03-21T18:05:01Z
web/javascript/reference/operators/operator_precedence,no_hash_commit,2026-03-21T18:05:01Z
web/javascript/reference/operators/optional_chaining,no_hash_commit,2026-03-21T18:05:01Z
web/javascript/reference/operators/subtraction,no_hash_commit,2026-03-21T18:05:01Z
web/javascript/reference/operators/super,no_hash_commit,2026-03-21T18:05:01Z
web/javascript/reference/operators/this,no_hash_commit,2026-03-21T18:05:01Z
web/javascript/reference/operators/typeof,no_hash_commit,2026-03-21T18:05:01Z
web/javascript/reference/operators/unary_negation,no_hash_commit,2026-03-21T18:05:01Z
web/javascript/reference/operators/unary_plus,fad67be4431d8e6c2a89ac880735233aa76c41d4,2026-03-21T18:05:01Z
web/javascript/reference/statements/async_function,no_hash_commit,2026-03-21T18:05:01Z
web/javascript/reference/statements/block,no_hash_commit,2026-03-21T18:05:01Z
web/javascript/reference/statements/break,no_hash_commit,2026-03-21T18:05:01Z
web/javascript/reference/statements/const,no_hash_commit,2026-03-21T18:05:01Z
web/javascript/reference/statements/continue,no_hash_commit,2026-03-21T18:05:01Z
web/javascript/reference/statements/debugger,no_hash_commit,2026-03-21T18:05:01Z
web/javascript/reference/statements/do...while,no_hash_commit,2026-03-21T18:05:01Z
web/javascript/reference/statements/export,no_hash_commit,2026-03-21T18:05:01Z
web/javascript/reference/statements/for...in,no_hash_commit,2026-03-21T18:05:01Z
web/javascript/reference/statements/for...of,e9b6cd1b7fa8612257b72b2a85a96dd7d45c0200,2026-03-21T18:05:01Z
web/javascript/reference/statements/for,no_hash_commit,2026-03-21T18:05:01Z
web/javascript/reference/statements/function_star_,no_hash_commit,2026-03-21T18:05:01Z
web/javascript/reference/statements/if...else,no_hash_commit,2026-03-21T18:05:01Z
web/javascript/reference/statements/import,no_hash_commit,2026-03-21T18:05:01Z
web/javascript/reference/statements/label,no_hash_commit,2026-03-21T18:05:01Z
web/javascript/reference/statements/let,no_hash_commit,2026-03-21T18:05:01Z
web/javascript/reference/statements/return,fad67be4431d8e6c2a89ac880735233aa76c41d4,2026-03-21T18:05:01Z
web/javascript/reference/statements/switch,no_hash_commit,2026-03-21T18:05:01Z
web/javascript/reference/statements/try...catch,no_hash_commit,2026-03-21T18:05:01Z
web/javascript/reference/statements/var,no_hash_commit,2026-03-21T18:05:01Z
web/javascript/reference/statements/while,no_hash_commit,2026-03-21T18:05:01Z
web/javascript/reference/strict_mode,no_hash_commit,2026-03-21T18:05:01Z
web/javascript/reference/template_literals,no_hash_commit,2026-03-21T18:05:01Z
web/mathml,9036ccca6d55b90913ca424e6706b0c9ed1fa93b,2026-03-21T18:05:01Z
web/media/guides/formats/containers,no_hash_commit,2026-03-21T18:05:01Z
web/media,no_hash_commit,2026-03-21T18:05:01Z
web/performance,no_hash_commit,2026-03-21T18:05:01Z
web/progressive_web_apps,no_hash_commit,2026-03-21T18:05:01Z
web/progressive_web_apps/manifest,204025469739413f67f22c6c1ede6ed904b7eac5,2026-03-21T18:05:01Z
web/security/authentication/passwords,no_hash_commit,2026-03-21T18:05:01Z
web/security/defenses/mixed_content,no_hash_commit,2026-03-21T18:05:01Z
web/security/defenses/same-origin_policy,no_hash_commit,2026-03-21T18:05:01Z
web/security,no_hash_commit,2026-03-21T18:05:01Z
web/svg,no_hash_commit,2026-03-21T18:05:01Z
web/svg/reference/attribute/stroke-dashoffset,3c83d88f02f33f4066224e9f624a17dd2a0b0d19,2026-03-21T18:05:01Z
web/svg/tutorials/svg_from_scratch/basic_shapes,no_hash_commit,2026-03-21T18:05:01Z
web/svg/tutorials/svg_from_scratch/fills_and_strokes,no_hash_commit,2026-03-21T18:05:01Z
web/svg/tutorials/svg_from_scratch/getting_started,no_hash_commit,2026-03-21T18:05:01Z
web/svg/tutorials/svg_from_scratch/gradients,no_hash_commit,2026-03-21T18:05:01Z
web/svg/tutorials/svg_from_scratch,no_hash_commit,2026-03-21T18:05:01Z
web/svg/tutorials/svg_from_scratch/introduction,no_hash_commit,2026-03-21T18:05:01Z
web/svg/tutorials/svg_from_scratch/paths,no_hash_commit,2026-03-21T18:05:01Z
web/svg/tutorials/svg_from_scratch/patterns,no_hash_commit,2026-03-21T18:05:01Z
web/svg/tutorials/svg_from_scratch/positions,no_hash_commit,2026-03-21T18:05:01Z
web/uri/guides/choosing_between_www_and_non-www_urls,4d9320f9857fb80fef5f3fe78e3d09b06eb0ebbd,2026-03-21T18:05:01Z
web/uri/reference/schemes/data,466ca1db767535c1aa9984b4e6c0db41b3a53475,2026-03-21T18:05:01Z
web/xml/guides/opensearch,3e1b5277c6451e7d27ab628f23fb9702947a7a7b,2026-03-21T18:05:01Z
webassembly/guides/c_to_wasm,no_hash_commit,2026-03-21T18:05:01Z
webassembly/guides/concepts,no_hash_commit,2026-03-21T18:05:01Z
webassembly,no_hash_commit,2026-03-21T18:05:01Z
webassembly/reference/control_flow/block,no_hash_commit,2026-03-21T18:05:01Z
webassembly/reference/control_flow/br,no_hash_commit,2026-03-21T18:05:01Z
webassembly/reference/control_flow/drop,no_hash_commit,2026-03-21T18:05:01Z
webassembly/reference/control_flow/end,no_hash_commit,2026-03-21T18:05:01Z
webassembly/reference/control_flow/if...else,no_hash_commit,2026-03-21T18:05:01Z
webassembly/reference/control_flow,no_hash_commit,2026-03-21T18:05:01Z
webassembly/reference/control_flow/nop,no_hash_commit,2026-03-21T18:05:01Z
webassembly/reference/control_flow/return,no_hash_commit,2026-03-21T18:05:01Z
webassembly/reference/control_flow/unreachable,no_hash_commit,2026-03-21T18:05:01Z
webassembly/reference,df9d06402163f77fc3e2d327ab63f9dd4af15b38,2026-03-21T18:05:01Z
